ID,PM
"(Date(""2025-01-01""), 3)",16.297004317539578
"(Date(""2025-01-01""), 80)",15.803133073042924
"(Date(""2025-01-01""), 6)",16.743245805319585
"(Date(""2025-01-01""), 31)",16.115653906733222
"(Date(""2025-01-01""), 66)",16.0425336148211
"(Date(""2025-01-01""), 17)",16.359788804449344
"(Date(""2025-01-01""), 103)",18.095782624353365
"(Date(""2025-01-02""), 31)",7.916384200064328
"(Date(""2025-01-02""), 3)",13.997585671894866
"(Date(""2025-01-02""), 80)",7.76286669439345
"(Date(""2025-01-02""), 6)",7.995875325124879
"(Date(""2025-01-02""), 66)",7.880465811214128
"(Date(""2025-01-02""), 17)",8.036308942687198
"(Date(""2025-01-02""), 103)",9.062339593305936
"(Date(""2025-01-03""), 3)",13.259143560198293
"(Date(""2025-01-03""), 80)",7.478870432280095
"(Date(""2025-01-03""), 31)",8.901252693737975
"(Date(""2025-01-03""), 6)",8.990633220654258
"(Date(""2025-01-03""), 66)",7.5921673098739895
"(Date(""2025-01-03""), 17)",9.036097139300505
"(Date(""2025-01-03""), 103)",10.091891764333207
"(Date(""2025-01-04""), 3)",13.374752055505178
"(Date(""2025-01-04""), 80)",12.467160699774325
"(Date(""2025-01-04""), 6)",12.841372464335622
"(Date(""2025-01-04""), 31)",14.695713042172697
"(Date(""2025-01-04""), 66)",12.656024832738748
"(Date(""2025-01-04""), 17)",12.906308837413716
"(Date(""2025-01-04""), 103)",14.41430629355974
"(Date(""2025-01-05""), 3)",13.530326294688265
"(Date(""2025-01-05""), 80)",10.91117992213991
"(Date(""2025-01-05""), 31)",12.861594788794765
"(Date(""2025-01-05""), 6)",12.990742467077723
"(Date(""2025-01-05""), 66)",11.076472612692223
"(Date(""2025-01-05""), 17)",11.295519585167018
"(Date(""2025-01-05""), 103)",12.615309388344608
"(Date(""2025-01-06""), 3)",13.891656554469998
"(Date(""2025-01-06""), 80)",16.71267765340699
"(Date(""2025-01-06""), 6)",17.214321992950858
"(Date(""2025-01-06""), 31)",17.043185529870392
"(Date(""2025-01-06""), 66)",14.963784926723134
"(Date(""2025-01-06""), 17)",15.259706913764997
"(Date(""2025-01-06""), 103)",18.771379058877393
"(Date(""2025-01-07""), 3)",18.31025578070991
"(Date(""2025-01-07""), 80)",14.33165268132214
"(Date(""2025-01-07""), 6)",14.761828658684353
"(Date(""2025-01-07""), 31)",14.615073698118286
"(Date(""2025-01-07""), 66)",12.586577808431752
"(Date(""2025-01-07""), 103)",18.60650432908809
"(Date(""2025-01-07""), 17)",12.835488437217686
"(Date(""2025-01-08""), 3)",18.17870774419958
"(Date(""2025-01-08""), 80)",12.17153836684547
"(Date(""2025-01-08""), 31)",14.347247094055197
"(Date(""2025-01-08""), 6)",14.49131271596108
"(Date(""2025-01-08""), 103)",16.110091850721332
"(Date(""2025-01-08""), 66)",14.282150455611347
"(Date(""2025-01-08""), 17)",12.60027338797208
"(Date(""2025-01-09""), 3)",16.36021553210014
"(Date(""2025-01-09""), 80)",9.716003434108718
"(Date(""2025-01-09""), 6)",11.56777720855281
"(Date(""2025-01-09""), 31)",11.452775962614385
"(Date(""2025-01-09""), 66)",11.400812180912634
"(Date(""2025-01-09""), 103)",12.859977352721646
"(Date(""2025-01-09""), 17)",10.058243733735562
"(Date(""2025-01-10""), 80)",12.887485141727105
"(Date(""2025-01-10""), 6)",13.27431327940648
"(Date(""2025-01-10""), 31)",14.7575830959803
"(Date(""2025-01-10""), 3)",11.72191103521562
"(Date(""2025-01-10""), 66)",13.082716739842956
"(Date(""2025-01-10""), 103)",11.369507581452826
"(Date(""2025-01-10""), 17)",10.278789633161852
"(Date(""2025-01-11""), 80)",27.24359280058804
"(Date(""2025-01-11""), 31)",30.89722139692897
"(Date(""2025-01-11""), 3)",25.019961614187558
"(Date(""2025-01-11""), 6)",31.031878144067527
"(Date(""2025-01-11""), 103)",27.097029517552983
"(Date(""2025-01-11""), 66)",30.583975465909088
"(Date(""2025-01-11""), 17)",22.027829035605563
"(Date(""2025-01-12""), 80)",17.66911425619566
"(Date(""2025-01-12""), 31)",22.071310361150893
"(Date(""2025-01-12""), 3)",20.26420974772015
"(Date(""2025-01-12""), 6)",18.1994668026392
"(Date(""2025-01-12""), 103)",15.739113687177047
"(Date(""2025-01-12""), 66)",15.97357830519974
"(Date(""2025-01-12""), 17)",12.550073073733543
"(Date(""2025-01-13""), 80)",43.284536108860415
"(Date(""2025-01-13""), 31)",47.688291774792965
"(Date(""2025-01-13""), 3)",37.3614129157913
"(Date(""2025-01-13""), 6)",37.1066783463178
"(Date(""2025-01-13""), 17)",44.80920751388491
"(Date(""2025-01-13""), 66)",47.47191943051555
"(Date(""2025-01-13""), 103)",43.295283277446224
"(Date(""2025-01-14""), 80)",12.47528484569227
"(Date(""2025-01-14""), 31)",14.564029865792008
"(Date(""2025-01-14""), 6)",12.849740462968128
"(Date(""2025-01-14""), 3)",14.979349424070778
"(Date(""2025-01-14""), 17)",11.17291759355614
"(Date(""2025-01-14""), 103)",14.285144705237132
"(Date(""2025-01-14""), 66)",14.49794963588841
"(Date(""2025-01-15""), 80)",21.72054472904691
"(Date(""2025-01-15""), 31)",15.644023988476832
"(Date(""2025-01-15""), 6)",17.9152124955134
"(Date(""2025-01-15""), 3)",19.41108714689091
"(Date(""2025-01-15""), 17)",13.872408809309679
"(Date(""2025-01-15""), 103)",21.725937748747793
"(Date(""2025-01-15""), 66)",19.826687614979825
"(Date(""2025-01-16""), 80)",30.374005567223467
"(Date(""2025-01-16""), 31)",30.97467819957476
"(Date(""2025-01-16""), 6)",31.285705551993143
"(Date(""2025-01-16""), 3)",31.323238093488893
"(Date(""2025-01-16""), 17)",38.51973662654641
"(Date(""2025-01-16""), 103)",25.28630157116114
"(Date(""2025-01-16""), 66)",28.266077805156044
"(Date(""2025-01-17""), 80)",27.238329602999762
"(Date(""2025-01-17""), 31)",30.300617888439472
"(Date(""2025-01-17""), 6)",28.055909774612154
"(Date(""2025-01-17""), 3)",20.838146150480604
"(Date(""2025-01-17""), 17)",28.197783163085965
"(Date(""2025-01-17""), 66)",27.65096112574598
"(Date(""2025-01-17""), 103)",29.72039436771069
"(Date(""2025-01-18""), 80)",18.87828713607452
"(Date(""2025-01-18""), 31)",19.143300124169794
"(Date(""2025-01-18""), 6)",17.053817791981842
"(Date(""2025-01-18""), 3)",19.753388741637618
"(Date(""2025-01-18""), 17)",17.140055698219793
"(Date(""2025-01-18""), 103)",12.515287344723744
"(Date(""2025-01-18""), 66)",28.59295505025671
"(Date(""2025-01-19""), 80)",12.944246028389252
"(Date(""2025-01-19""), 31)",13.200229860303262
"(Date(""2025-01-19""), 6)",13.332777889319445
"(Date(""2025-01-19""), 3)",18.705621089882705
"(Date(""2025-01-19""), 17)",13.400199205973312
"(Date(""2025-01-19""), 103)",12.947459970521688
"(Date(""2025-01-19""), 66)",11.368106905084078
"(Date(""2025-01-20""), 80)",14.612266753383329
"(Date(""2025-01-20""), 31)",14.901237159869508
"(Date(""2025-01-20""), 6)",15.050865585764058
"(Date(""2025-01-20""), 3)",17.631225399150466
"(Date(""2025-01-20""), 17)",15.126974944443578
"(Date(""2025-01-20""), 103)",22.79348222154917
"(Date(""2025-01-20""), 66)",18.885305626166282
"(Date(""2025-01-21""), 80)",24.24959478300889
"(Date(""2025-01-21""), 31)",20.581861317837436
"(Date(""2025-01-21""), 6)",26.98501320119822
"(Date(""2025-01-21""), 3)",17.006573317304163
"(Date(""2025-01-21""), 17)",25.103771980521152
"(Date(""2025-01-21""), 66)",24.616950174001357
"(Date(""2025-01-21""), 103)",22.235455216279355
"(Date(""2025-01-22""), 80)",
"(Date(""2025-01-22""), 31)",
"(Date(""2025-01-22""), 6)",
"(Date(""2025-01-22""), 3)",
"(Date(""2025-01-22""), 17)",
"(Date(""2025-01-22""), 103)",
"(Date(""2025-01-22""), 66)",
"(Date(""2025-01-23""), 80)",26.53843164247448
"(Date(""2025-01-23""), 31)",35.13005463919551
"(Date(""2025-01-23""), 6)",24.579261460616326
"(Date(""2025-01-23""), 3)",21.915289025941643
"(Date(""2025-01-23""), 17)",24.703554101190647
"(Date(""2025-01-23""), 103)",16.376826267310957
"(Date(""2025-01-23""), 66)",29.673126535162634
"(Date(""2025-01-24""), 80)",15.16806622446693
"(Date(""2025-01-24""), 31)",19.316462058541294
"(Date(""2025-01-24""), 6)",19.51042526982788
"(Date(""2025-01-24""), 3)",17.564553908528254
"(Date(""2025-01-24""), 17)",15.702352113168612
"(Date(""2025-01-24""), 66)",21.17926602900962
"(Date(""2025-01-24""), 103)",18.946573046215008
"(Date(""2025-01-25""), 80)",29.474617009378488
"(Date(""2025-01-25""), 31)",32.47335566583074
"(Date(""2025-01-25""), 6)",27.830805555117774
"(Date(""2025-01-25""), 3)",28.021861952163537
"(Date(""2025-01-25""), 66)",29.921125891391647
"(Date(""2025-01-25""), 17)",27.97154063445686
"(Date(""2025-01-25""), 103)",29.48193529684275
"(Date(""2025-01-26""), 80)",17.88718654830387
"(Date(""2025-01-26""), 31)",18.2409213695328
"(Date(""2025-01-26""), 6)",18.42408470839569
"(Date(""2025-01-26""), 3)",23.31899025282697
"(Date(""2025-01-26""), 17)",16.332106075372877
"(Date(""2025-01-26""), 103)",15.780309411440959
"(Date(""2025-01-26""), 66)",24.975990796108483
"(Date(""2025-01-27""), 80)",12.26820423231788
"(Date(""2025-01-27""), 31)",14.184697292229437
"(Date(""2025-01-27""), 6)",11.038206823377045
"(Date(""2025-01-27""), 3)",12.651603730629343
"(Date(""2025-01-27""), 17)",11.09402493147933
"(Date(""2025-01-27""), 103)",10.719202118149784
"(Date(""2025-01-27""), 66)",14.120338178246504
"(Date(""2025-01-28""), 80)",12.89237569633489
"(Date(""2025-01-28""), 31)",13.147333746883744
"(Date(""2025-01-28""), 6)",13.279350627908522
"(Date(""2025-01-28""), 3)",11.926547397808203
"(Date(""2025-01-28""), 17)",11.771535275684077
"(Date(""2025-01-28""), 103)",12.89557675952132
"(Date(""2025-01-28""), 66)",13.087681381115537
"(Date(""2025-01-29""), 80)",19.749269661565652
"(Date(""2025-01-29""), 6)",25.05844071115453
"(Date(""2025-01-29""), 31)",22.271812930268123
"(Date(""2025-01-29""), 3)",27.06076014071313
"(Date(""2025-01-29""), 17)",22.609207044286162
"(Date(""2025-01-29""), 66)",24.419619367611343
"(Date(""2025-01-29""), 103)",19.643023843683604
"(Date(""2025-01-30""), 80)",19.724573087588954
"(Date(""2025-01-30""), 6)",18.445617704234458
"(Date(""2025-01-30""), 3)",14.872082339565157
"(Date(""2025-01-30""), 31)",23.70570577177812
"(Date(""2025-01-30""), 17)",24.06482182672539
"(Date(""2025-01-30""), 66)",23.598147733112913
"(Date(""2025-01-30""), 103)",17.912538470204147
"(Date(""2025-01-31""), 80)",31.10225458785111
"(Date(""2025-01-31""), 6)",29.154792267972102
"(Date(""2025-01-31""), 31)",35.76173446997862
"(Date(""2025-01-31""), 3)",26.758660560814388
"(Date(""2025-01-31""), 17)",26.710607684749817
"(Date(""2025-01-31""), 66)",30.8687878715463
"(Date(""2025-01-31""), 103)",30.415687231299046
"(Date(""2025-02-01""), 80)",
"(Date(""2025-02-01""), 6)",
"(Date(""2025-02-01""), 31)",
"(Date(""2025-02-01""), 3)",
"(Date(""2025-02-01""), 17)",
"(Date(""2025-02-01""), 66)",
"(Date(""2025-02-01""), 103)",
"(Date(""2025-02-02""), 80)",26.797025474535925
"(Date(""2025-02-02""), 6)",27.60135955101908
"(Date(""2025-02-02""), 31)",29.80969983420971
"(Date(""2025-02-02""), 3)",25.089550365853466
"(Date(""2025-02-02""), 17)",32.69351588332671
"(Date(""2025-02-02""), 66)",29.67444662225163
"(Date(""2025-02-02""), 103)",26.80367893963597
"(Date(""2025-02-03""), 80)",35.53674510220671
"(Date(""2025-02-03""), 6)",36.39745505790438
"(Date(""2025-02-03""), 31)",41.657037383802724
"(Date(""2025-02-03""), 3)",40.1097962996552
"(Date(""2025-02-03""), 17)",33.53477137353347
"(Date(""2025-02-03""), 66)",35.8721076225058
"(Date(""2025-02-03""), 103)",35.345566865595885
"(Date(""2025-02-04""), 80)",15.090544129302415
"(Date(""2025-02-04""), 6)",19.789072971461803
"(Date(""2025-02-04""), 31)",15.388972890886066
"(Date(""2025-02-04""), 3)",16.65235468219036
"(Date(""2025-02-04""), 17)",15.62209934944714
"(Date(""2025-02-04""), 66)",17.368767454830984
"(Date(""2025-02-04""), 103)",19.217167815942116
"(Date(""2025-02-05""), 80)",14.839395853597459
"(Date(""2025-02-05""), 6)",17.163364681880843
"(Date(""2025-02-05""), 31)",20.814782808937764
"(Date(""2025-02-05""), 3)",17.675662435637665
"(Date(""2025-02-05""), 17)",19.184184838706607
"(Date(""2025-02-05""), 66)",16.915635009460285
"(Date(""2025-02-05""), 103)",16.667342621535322
"(Date(""2025-02-06""), 6)",29.749540770048018
"(Date(""2025-02-06""), 80)",28.8826063222414
"(Date(""2025-02-06""), 31)",31.515439212805347
"(Date(""2025-02-06""), 3)",20.632498291713773
"(Date(""2025-02-06""), 66)",31.37244668341029
"(Date(""2025-02-06""), 103)",28.88977761867304
"(Date(""2025-02-06""), 17)",25.370576380663437
"(Date(""2025-02-07""), 80)",15.70233878522204
"(Date(""2025-02-07""), 6)",18.16145142215291
"(Date(""2025-02-07""), 31)",14.123252968833231
"(Date(""2025-02-07""), 3)",16.2846879431334
"(Date(""2025-02-07""), 17)",14.337205126090991
"(Date(""2025-02-07""), 66)",17.899315734024032
"(Date(""2025-02-07""), 103)",15.706237537462137
"(Date(""2025-02-08""), 80)",19.86582810149514
"(Date(""2025-02-08""), 6)",18.399255450228246
"(Date(""2025-02-08""), 3)",14.5510655237339
"(Date(""2025-02-08""), 31)",20.258692296938634
"(Date(""2025-02-08""), 17)",26.695619633734026
"(Date(""2025-02-08""), 66)",24.230423631897413
"(Date(""2025-02-08""), 103)",15.911893267585151
"(Date(""2025-02-09""), 80)",19.375864487253796
"(Date(""2025-02-09""), 6)",20.183942579192113
"(Date(""2025-02-09""), 31)",24.53623618593987
"(Date(""2025-02-09""), 3)",17.524305582247365
"(Date(""2025-02-09""), 17)",36.45511801383006
"(Date(""2025-02-09""), 66)",26.751044851768818
"(Date(""2025-02-09""), 103)",26.358385587010577
"(Date(""2025-02-10""), 6)",18.23824117066519
"(Date(""2025-02-10""), 80)",15.768730981437207
"(Date(""2025-02-10""), 31)",18.056925398366154
"(Date(""2025-02-10""), 3)",18.88890302502919
"(Date(""2025-02-10""), 17)",16.324174920132894
"(Date(""2025-02-10""), 66)",19.990292056487185
"(Date(""2025-02-10""), 103)",19.696868998632915
"(Date(""2025-02-11""), 6)",20.5613505985604
"(Date(""2025-02-11""), 80)",17.877876892174534
"(Date(""2025-02-11""), 31)",20.35693959596407
"(Date(""2025-02-11""), 3)",18.96413753685719
"(Date(""2025-02-11""), 17)",22.982250725736336
"(Date(""2025-02-11""), 66)",24.822534193003587
"(Date(""2025-02-11""), 103)",19.96712658267433
"(Date(""2025-02-12""), 6)",16.797547275702055
"(Date(""2025-02-12""), 80)",14.687933247091829
"(Date(""2025-02-12""), 31)",16.630554185276086
"(Date(""2025-02-12""), 3)",11.345196113749267
"(Date(""2025-02-12""), 17)",16.599115240224144
"(Date(""2025-02-12""), 66)",14.495656208263032
"(Date(""2025-02-12""), 103)",17.836456211324272
"(Date(""2025-02-13""), 80)",10.885907496941902
"(Date(""2025-02-13""), 6)",11.276103125759148
"(Date(""2025-02-13""), 31)",13.785149953901074
"(Date(""2025-02-13""), 3)",9.845649449188825
"(Date(""2025-02-13""), 66)",13.722603674704763
"(Date(""2025-02-13""), 17)",13.993980212572176
"(Date(""2025-02-13""), 103)",14.892680487746539
"(Date(""2025-02-14""), 80)",16.993207042235255
"(Date(""2025-02-14""), 6)",24.075214363437
"(Date(""2025-02-14""), 31)",17.3292626337034
"(Date(""2025-02-14""), 3)",17.20542323458468
"(Date(""2025-02-14""), 66)",21.542581463944565
"(Date(""2025-02-14""), 17)",15.515847571952365
"(Date(""2025-02-14""), 103)",27.553364537265715
"(Date(""2025-02-15""), 6)",33.954241704034466
"(Date(""2025-02-15""), 80)",25.39518106548234
"(Date(""2025-02-15""), 3)",23.548626829905746
"(Date(""2025-02-15""), 31)",28.524257135708666
"(Date(""2025-02-15""), 66)",33.464158708623394
"(Date(""2025-02-15""), 17)",38.6952028472873
"(Date(""2025-02-15""), 103)",35.28094563154758
"(Date(""2025-02-16""), 80)",6.295124892045033
"(Date(""2025-02-16""), 6)",7.4949131857601206
"(Date(""2025-02-16""), 3)",5.562353018532014
"(Date(""2025-02-16""), 31)",8.494812778009608
"(Date(""2025-02-16""), 66)",9.58767220916719
"(Date(""2025-02-16""), 17)",10.978935592770284
"(Date(""2025-02-16""), 103)",7.278309836159553
"(Date(""2025-02-17""), 80)",14.047678465344177
"(Date(""2025-02-17""), 6)",14.469330730290222
"(Date(""2025-02-17""), 3)",18.049002647913593
"(Date(""2025-02-17""), 31)",16.399690367387585
"(Date(""2025-02-17""), 66)",12.337181340036079
"(Date(""2025-02-17""), 17)",12.581159934657515
"(Date(""2025-02-17""), 103)",14.051166380019438
"(Date(""2025-02-18""), 6)",
"(Date(""2025-02-18""), 80)",
"(Date(""2025-02-18""), 31)",
"(Date(""2025-02-18""), 3)",
"(Date(""2025-02-18""), 66)",
"(Date(""2025-02-18""), 17)",
"(Date(""2025-02-18""), 103)",
"(Date(""2025-02-19""), 6)",11.961271564536013
"(Date(""2025-02-19""), 80)",11.612706911420217
"(Date(""2025-02-19""), 3)",11.975621150502414
"(Date(""2025-02-19""), 31)",15.076997575188264
"(Date(""2025-02-19""), 66)",11.788626984563656
"(Date(""2025-02-19""), 17)",10.501264696741806
"(Date(""2025-02-19""), 103)",11.615590244132868
"(Date(""2025-02-20""), 6)",22.665503818886435
"(Date(""2025-02-20""), 80)",17.96440709238972
"(Date(""2025-02-20""), 3)",22.821100806127305
"(Date(""2025-02-20""), 31)",20.373607374800642
"(Date(""2025-02-20""), 66)",22.33835830048891
"(Date(""2025-02-20""), 17)",22.780118951815087
"(Date(""2025-02-20""), 103)",17.96886749624112
"(Date(""2025-02-21""), 6)",20.476418526322956
"(Date(""2025-02-21""), 80)",13.639771411910969
"(Date(""2025-02-21""), 31)",18.05396193407991
"(Date(""2025-02-21""), 3)",16.377574105172915
"(Date(""2025-02-21""), 66)",13.84639934136327
"(Date(""2025-02-21""), 17)",14.120224047247268
"(Date(""2025-02-21""), 103)",19.884649051387427
"(Date(""2025-02-22""), 6)",26.32825677023291
"(Date(""2025-02-22""), 80)",20.86746125004809
"(Date(""2025-02-22""), 31)",23.665989098936155
"(Date(""2025-02-22""), 3)",21.519600228402123
"(Date(""2025-02-22""), 66)",28.305723446016472
"(Date(""2025-02-22""), 17)",21.60250485507571
"(Date(""2025-02-22""), 103)",18.58810465624234
"(Date(""2025-02-23""), 6)",20.1531877388586
"(Date(""2025-02-23""), 80)",27.70300239997725
"(Date(""2025-02-23""), 31)",25.402781053142288
"(Date(""2025-02-23""), 3)",25.68864005745401
"(Date(""2025-02-23""), 66)",36.505259270558604
"(Date(""2025-02-23""), 17)",37.22718282891785
"(Date(""2025-02-23""), 103)",30.520591909857018
"(Date(""2025-02-24""), 80)",26.28409215522834
"(Date(""2025-02-24""), 31)",26.803883158390658
"(Date(""2025-02-24""), 3)",27.413127932360396
"(Date(""2025-02-24""), 6)",15.164400385777505
"(Date(""2025-02-24""), 66)",31.44584610047192
"(Date(""2025-02-24""), 17)",32.067715320581215
"(Date(""2025-02-24""), 103)",21.463087474382178
"(Date(""2025-02-25""), 80)",30.724808911418833
"(Date(""2025-02-25""), 6)",34.52227079390698
"(Date(""2025-02-25""), 31)",31.33241898795177
"(Date(""2025-02-25""), 3)",40.181586401734
"(Date(""2025-02-25""), 66)",31.19025686186174
"(Date(""2025-02-25""), 17)",31.807071580337507
"(Date(""2025-02-25""), 103)",30.732437610506796
"(Date(""2025-02-26""), 6)",24.896621675712233
"(Date(""2025-02-26""), 80)",18.089295439394235
"(Date(""2025-02-26""), 31)",18.44702714142192
"(Date(""2025-02-26""), 3)",24.926489421050245
"(Date(""2025-02-26""), 66)",24.53727302546687
"(Date(""2025-02-26""), 17)",27.033687792178796
"(Date(""2025-02-26""), 103)",24.177108118311292
"(Date(""2025-02-27""), 80)",30.044301329049265
"(Date(""2025-02-27""), 6)",33.62255961009683
"(Date(""2025-02-27""), 31)",33.10099949658958
"(Date(""2025-02-27""), 3)",33.66289560672831
"(Date(""2025-02-27""), 66)",32.95081292893423
"(Date(""2025-02-27""), 17)",38.101611977460585
"(Date(""2025-02-27""), 103)",30.051761064105982
"(Date(""2025-02-28""), 6)",10.438589835148917
"(Date(""2025-02-28""), 80)",10.134397807965568
"(Date(""2025-02-28""), 31)",10.334814423914795
"(Date(""2025-02-28""), 3)",9.180930291746607
"(Date(""2025-02-28""), 66)",13.097981522700078
"(Date(""2025-02-28""), 17)",13.3570056090135
"(Date(""2025-02-28""), 103)",10.136914089565167
"(Date(""2025-03-01""), 6)",20.609365973484238
"(Date(""2025-03-01""), 80)",20.008786305785446
"(Date(""2025-03-01""), 3)",14.979159673531177
"(Date(""2025-03-01""), 31)",29.456058062922885
"(Date(""2025-03-01""), 66)",22.589198215649702
"(Date(""2025-03-01""), 17)",16.269663729634676
"(Date(""2025-03-01""), 103)",26.74258881181503
"(Date(""2025-03-02""), 6)",9.613893869932218
"(Date(""2025-03-02""), 80)",9.333734393259139
"(Date(""2025-03-02""), 3)",8.896082613391371
"(Date(""2025-03-02""), 31)",12.118164342564029
"(Date(""2025-03-02""), 66)",8.276731058209755
"(Date(""2025-03-02""), 17)",8.440410682913702
"(Date(""2025-03-02""), 103)",11.886114817848052
"(Date(""2025-03-03""), 6)",20.60462824742527
"(Date(""2025-03-03""), 80)",18.338111921209386
"(Date(""2025-03-03""), 31)",23.58208198394218
"(Date(""2025-03-03""), 3)",20.62934701438468
"(Date(""2025-03-03""), 66)",21.939408895767137
"(Date(""2025-03-03""), 17)",17.23577517450914
"(Date(""2025-03-03""), 103)",20.009153505416737
"(Date(""2025-03-04""), 80)",26.400402208701273
"(Date(""2025-03-04""), 6)",24.68858130501906
"(Date(""2025-03-04""), 31)",26.922493345306115
"(Date(""2025-03-04""), 3)",22.226266791206427
"(Date(""2025-03-04""), 66)",21.879213208906055
"(Date(""2025-03-04""), 17)",32.20961855473761
"(Date(""2025-03-04""), 103)",14.791313346653112
"(Date(""2025-03-05""), 6)",26.229097022600655
"(Date(""2025-03-05""), 80)",25.46475219054032
"(Date(""2025-03-05""), 31)",30.604460755605633
"(Date(""2025-03-05""), 3)",14.709313819937014
"(Date(""2025-03-05""), 66)",30.465601537281994
"(Date(""2025-03-05""), 17)",23.934020335164178
"(Date(""2025-03-05""), 103)",23.125385336440008
"(Date(""2025-03-06""), 6)",14.455028941923054
"(Date(""2025-03-06""), 80)",14.033793446872604
"(Date(""2025-03-06""), 31)",12.622502779590432
"(Date(""2025-03-06""), 3)",18.073085282336827
"(Date(""2025-03-06""), 66)",14.246390388178837
"(Date(""2025-03-06""), 17)",14.528125268256888
"(Date(""2025-03-06""), 103)",15.762504482429984
"(Date(""2025-03-07""), 6)",6.02661005068349
"(Date(""2025-03-07""), 80)",5.850987983209584
"(Date(""2025-03-07""), 3)",11.50870587179514
"(Date(""2025-03-07""), 31)",5.966696408492906
"(Date(""2025-03-07""), 66)",5.939624185071819
"(Date(""2025-03-07""), 17)",5.189832195789746
"(Date(""2025-03-07""), 103)",6.764806754391716
"(Date(""2025-03-08""), 80)",6.462101210685263
"(Date(""2025-03-08""), 6)",7.768336454828049
"(Date(""2025-03-08""), 3)",11.718048081827797
"(Date(""2025-03-08""), 31)",7.691107411160647
"(Date(""2025-03-08""), 66)",6.559995123475406
"(Date(""2025-03-08""), 17)",7.807619451690563
"(Date(""2025-03-08""), 103)",8.719876427718798
"(Date(""2025-03-09""), 6)",17.343295485873394
"(Date(""2025-03-09""), 80)",11.552732508003704
"(Date(""2025-03-09""), 3)",15.268133154857166
"(Date(""2025-03-09""), 31)",13.487013992804386
"(Date(""2025-03-09""), 66)",22.83980446560262
"(Date(""2025-03-09""), 17)",13.691327810951938
"(Date(""2025-03-09""), 103)",13.228752502169597
"(Date(""2025-03-10""), 80)",23.604631110616424
"(Date(""2025-03-10""), 6)",21.862045488048373
"(Date(""2025-03-10""), 31)",24.071433418712243
"(Date(""2025-03-10""), 3)",21.88827274151715
"(Date(""2025-03-10""), 66)",23.96221599269242
"(Date(""2025-03-10""), 17)",26.91472877293177
"(Date(""2025-03-10""), 103)",18.906554961309695
"(Date(""2025-03-11""), 80)",24.741335562447293
"(Date(""2025-03-11""), 6)",23.36150115176375
"(Date(""2025-03-11""), 31)",31.08315783645454
"(Date(""2025-03-11""), 3)",17.99184316240901
"(Date(""2025-03-11""), 66)",27.134833684481162
"(Date(""2025-03-11""), 17)",19.16826269422504
"(Date(""2025-03-11""), 103)",24.747478617871472
"(Date(""2025-03-12""), 6)",17.01058750342008
"(Date(""2025-03-12""), 80)",12.97175576419933
"(Date(""2025-03-12""), 3)",13.37714228679338
"(Date(""2025-03-12""), 31)",16.841476470092818
"(Date(""2025-03-12""), 66)",14.930105065711547
"(Date(""2025-03-12""), 17)",17.096606802328157
"(Date(""2025-03-12""), 103)",14.710956837657273
"(Date(""2025-03-13""), 6)",22.15548358767087
"(Date(""2025-03-13""), 3)",16.230241900858314
"(Date(""2025-03-13""), 31)",27.41791815685028
"(Date(""2025-03-13""), 80)",24.310383167941474
"(Date(""2025-03-13""), 66)",26.00526500575852
"(Date(""2025-03-13""), 17)",25.02509792736708
"(Date(""2025-03-13""), 103)",24.179599772556973
"(Date(""2025-03-14""), 6)",31.708355026335102
"(Date(""2025-03-14""), 80)",35.58971254051678
"(Date(""2025-03-14""), 3)",33.64221975233054
"(Date(""2025-03-14""), 31)",37.36314302195861
"(Date(""2025-03-14""), 66)",34.561893241773674
"(Date(""2025-03-14""), 17)",31.68938481998927
"(Date(""2025-03-14""), 103)",28.615733491703903
"(Date(""2025-03-15""), 80)",
"(Date(""2025-03-15""), 6)",
"(Date(""2025-03-15""), 3)",
"(Date(""2025-03-15""), 31)",
"(Date(""2025-03-15""), 66)",
"(Date(""2025-03-15""), 17)",
"(Date(""2025-03-15""), 103)",
"(Date(""2025-03-16""), 6)",15.102217884465047
"(Date(""2025-03-16""), 80)",19.401779847760306
"(Date(""2025-03-16""), 3)",20.00811411796958
"(Date(""2025-03-16""), 31)",17.283032709070262
"(Date(""2025-03-16""), 66)",19.695696034224483
"(Date(""2025-03-16""), 17)",17.544852145443883
"(Date(""2025-03-16""), 103)",12.565919652271054
"(Date(""2025-03-17""), 6)",
"(Date(""2025-03-17""), 80)",
"(Date(""2025-03-17""), 3)",
"(Date(""2025-03-17""), 31)",
"(Date(""2025-03-17""), 66)",
"(Date(""2025-03-17""), 17)",
"(Date(""2025-03-17""), 103)",
"(Date(""2025-03-18""), 80)",
"(Date(""2025-03-18""), 6)",
"(Date(""2025-03-18""), 3)",
"(Date(""2025-03-18""), 31)",
"(Date(""2025-03-18""), 66)",
"(Date(""2025-03-18""), 17)",
"(Date(""2025-03-18""), 103)",
"(Date(""2025-03-19""), 6)",
"(Date(""2025-03-19""), 80)",
"(Date(""2025-03-19""), 3)",
"(Date(""2025-03-19""), 31)",
"(Date(""2025-03-19""), 66)",
"(Date(""2025-03-19""), 17)",
"(Date(""2025-03-19""), 103)",
"(Date(""2025-03-20""), 80)",
"(Date(""2025-03-20""), 6)",
"(Date(""2025-03-20""), 3)",
"(Date(""2025-03-20""), 31)",
"(Date(""2025-03-20""), 66)",
"(Date(""2025-03-20""), 17)",
"(Date(""2025-03-20""), 103)",
"(Date(""2025-03-21""), 3)",12.189938977056581
"(Date(""2025-03-21""), 6)",9.939128575242767
"(Date(""2025-03-21""), 80)",9.649491400347877
"(Date(""2025-03-21""), 31)",9.840318566276654
"(Date(""2025-03-21""), 66)",11.213999685344964
"(Date(""2025-03-21""), 17)",8.642125095287371
"(Date(""2025-03-21""), 103)",11.04939748397878
"(Date(""2025-03-22""), 80)",14.813880378217377
"(Date(""2025-03-22""), 6)",17.133853277690232
"(Date(""2025-03-22""), 31)",20.89657023483539
"(Date(""2025-03-22""), 3)",12.106686370139487
"(Date(""2025-03-22""), 66)",20.6847141098382
"(Date(""2025-03-22""), 17)",17.220495908125216
"(Date(""2025-03-22""), 103)",13.068998599699345
"(Date(""2025-03-23""), 6)",9.502691889988109
"(Date(""2025-03-23""), 80)",9.22577296172628
"(Date(""2025-03-23""), 31)",12.211476925340508
"(Date(""2025-03-23""), 3)",9.514091990174103
"(Date(""2025-03-23""), 66)",15.1804922124957
"(Date(""2025-03-23""), 17)",9.550745191730444
"(Date(""2025-03-23""), 103)",11.977640567250173
"(Date(""2025-03-24""), 31)",16.85739715919431
"(Date(""2025-03-24""), 6)",19.11930028192462
"(Date(""2025-03-24""), 80)",16.530492160828793
"(Date(""2025-03-24""), 3)",13.133778024397492
"(Date(""2025-03-24""), 17)",19.215982939447972
"(Date(""2025-03-24""), 103)",14.583415917133875
"(Date(""2025-03-24""), 66)",23.08162991139334
"(Date(""2025-03-25""), 6)",14.410244620552502
"(Date(""2025-03-25""), 80)",12.220841527817498
"(Date(""2025-03-25""), 31)",14.266984938440391
"(Date(""2025-03-25""), 3)",12.60276087167438
"(Date(""2025-03-25""), 66)",18.081476593901638
"(Date(""2025-03-25""), 17)",10.945037087578957
"(Date(""2025-03-25""), 103)",10.575247978711722
"(Date(""2025-03-26""), 6)",18.469460563290074
"(Date(""2025-03-26""), 80)",15.968642604815532
"(Date(""2025-03-26""), 31)",14.362776282024326
"(Date(""2025-03-26""), 3)",14.855945613596306
"(Date(""2025-03-26""), 66)",18.20287918487547
"(Date(""2025-03-26""), 17)",14.580356960960756
"(Date(""2025-03-26""), 103)",14.087744906344824
"(Date(""2025-03-27""), 31)",11.636578768878378
"(Date(""2025-03-27""), 6)",11.753425641745707
"(Date(""2025-03-27""), 80)",9.967683128147605
"(Date(""2025-03-27""), 3)",12.734806771818317
"(Date(""2025-03-27""), 17)",8.92709894539431
"(Date(""2025-03-27""), 103)",16.160521495445945
"(Date(""2025-03-27""), 66)",11.583781033126355
"(Date(""2025-03-28""), 6)",12.009617190297094
"(Date(""2025-03-28""), 80)",11.659643692295354
"(Date(""2025-03-28""), 3)",10.882673623105294
"(Date(""2025-03-28""), 31)",11.890223384968053
"(Date(""2025-03-28""), 66)",10.23992248590602
"(Date(""2025-03-28""), 17)",12.070347535481002
"(Date(""2025-03-28""), 103)",13.35117389431455
"(Date(""2025-03-29""), 80)",13.052151109680604
"(Date(""2025-03-29""), 6)",11.829302838687022
"(Date(""2025-03-29""), 31)",15.237481221910341
"(Date(""2025-03-29""), 3)",9.977412320248547
"(Date(""2025-03-29""), 66)",13.249877220862839
"(Date(""2025-03-29""), 17)",13.511905177991276
"(Date(""2025-03-29""), 103)",11.294617831865493
"(Date(""2025-03-30""), 6)",14.70878518136112
"(Date(""2025-03-30""), 80)",16.413484010002826
"(Date(""2025-03-30""), 31)",19.161604266368617
"(Date(""2025-03-30""), 3)",14.809759890702727
"(Date(""2025-03-30""), 66)",16.662130714823967
"(Date(""2025-03-30""), 17)",16.991638981190224
"(Date(""2025-03-30""), 103)",18.794680610515176
"(Date(""2025-03-31""), 6)",32.52443400725651
"(Date(""2025-03-31""), 80)",28.668671484583825
"(Date(""2025-03-31""), 31)",32.2010918156805
"(Date(""2025-03-31""), 3)",23.808390180309928
"(Date(""2025-03-31""), 66)",29.10297115501926
"(Date(""2025-03-31""), 17)",23.76563536378871
"(Date(""2025-03-31""), 103)",25.784877747991914
"(Date(""2025-04-01""), 80)",
"(Date(""2025-04-01""), 6)",
"(Date(""2025-04-01""), 3)",
"(Date(""2025-04-01""), 31)",
"(Date(""2025-04-01""), 66)",
"(Date(""2025-04-01""), 17)",
"(Date(""2025-04-01""), 103)",
"(Date(""2025-04-02""), 3)",8.2882006741084
"(Date(""2025-04-02""), 31)",10.845389034375176
"(Date(""2025-04-02""), 6)",11.078611012390514
"(Date(""2025-04-02""), 80)",9.342531245875566
"(Date(""2025-04-02""), 17)",9.617197627137198
"(Date(""2025-04-02""), 103)",10.637711757549754
"(Date(""2025-04-02""), 66)",10.796181101722638
"(Date(""2025-04-03""), 80)",
"(Date(""2025-04-03""), 3)",
"(Date(""2025-04-03""), 31)",
"(Date(""2025-04-03""), 6)",
"(Date(""2025-04-03""), 66)",
"(Date(""2025-04-03""), 17)",
"(Date(""2025-04-03""), 103)",
"(Date(""2025-04-04""), 6)",
"(Date(""2025-04-04""), 80)",
"(Date(""2025-04-04""), 3)",
"(Date(""2025-04-04""), 31)",
"(Date(""2025-04-04""), 66)",
"(Date(""2025-04-04""), 17)",
"(Date(""2025-04-04""), 103)",
"(Date(""2025-04-05""), 6)",
"(Date(""2025-04-05""), 80)",
"(Date(""2025-04-05""), 3)",
"(Date(""2025-04-05""), 31)",
"(Date(""2025-04-05""), 66)",
"(Date(""2025-04-05""), 17)",
"(Date(""2025-04-05""), 103)",
"(Date(""2025-04-06""), 6)",
"(Date(""2025-04-06""), 80)",
"(Date(""2025-04-06""), 3)",
"(Date(""2025-04-06""), 31)",
"(Date(""2025-04-06""), 66)",
"(Date(""2025-04-06""), 17)",
"(Date(""2025-04-06""), 103)",
"(Date(""2025-04-07""), 6)",
"(Date(""2025-04-07""), 80)",
"(Date(""2025-04-07""), 3)",
"(Date(""2025-04-07""), 31)",
"(Date(""2025-04-07""), 66)",
"(Date(""2025-04-07""), 17)",
"(Date(""2025-04-07""), 103)",
"(Date(""2025-04-08""), 6)",11.587357141523086
"(Date(""2025-04-08""), 80)",11.249688767322896
"(Date(""2025-04-08""), 3)",10.382209900596187
"(Date(""2025-04-08""), 31)",13.133231442385055
"(Date(""2025-04-08""), 66)",14.822824399694328
"(Date(""2025-04-08""), 17)",10.075268589466667
"(Date(""2025-04-08""), 103)",11.25248196583185
"(Date(""2025-04-09""), 6)",
"(Date(""2025-04-09""), 80)",
"(Date(""2025-04-09""), 3)",
"(Date(""2025-04-09""), 31)",
"(Date(""2025-04-09""), 66)",
"(Date(""2025-04-09""), 17)",
"(Date(""2025-04-09""), 103)",
"(Date(""2025-04-10""), 3)",
"(Date(""2025-04-10""), 31)",
"(Date(""2025-04-10""), 6)",
"(Date(""2025-04-10""), 80)",
"(Date(""2025-04-10""), 17)",
"(Date(""2025-04-10""), 103)",
"(Date(""2025-04-10""), 66)",
"(Date(""2025-04-11""), 6)",
"(Date(""2025-04-11""), 3)",
"(Date(""2025-04-11""), 31)",
"(Date(""2025-04-11""), 80)",
"(Date(""2025-04-11""), 66)",
"(Date(""2025-04-11""), 17)",
"(Date(""2025-04-11""), 103)",
"(Date(""2025-04-12""), 6)",
"(Date(""2025-04-12""), 3)",
"(Date(""2025-04-12""), 31)",
"(Date(""2025-04-12""), 80)",
"(Date(""2025-04-12""), 66)",
"(Date(""2025-04-12""), 17)",
"(Date(""2025-04-12""), 103)",
"(Date(""2025-04-13""), 6)",
"(Date(""2025-04-13""), 3)",
"(Date(""2025-04-13""), 31)",
"(Date(""2025-04-13""), 80)",
"(Date(""2025-04-13""), 66)",
"(Date(""2025-04-13""), 17)",
"(Date(""2025-04-13""), 103)",
"(Date(""2025-04-14""), 6)",
"(Date(""2025-04-14""), 3)",
"(Date(""2025-04-14""), 31)",
"(Date(""2025-04-14""), 80)",
"(Date(""2025-04-14""), 66)",
"(Date(""2025-04-14""), 17)",
"(Date(""2025-04-14""), 103)",
"(Date(""2025-04-15""), 3)",
"(Date(""2025-04-15""), 31)",
"(Date(""2025-04-15""), 6)",
"(Date(""2025-04-15""), 80)",
"(Date(""2025-04-15""), 66)",
"(Date(""2025-04-15""), 17)",
"(Date(""2025-04-15""), 103)",
"(Date(""2025-04-16""), 3)",
"(Date(""2025-04-16""), 31)",
"(Date(""2025-04-16""), 6)",
"(Date(""2025-04-16""), 80)",
"(Date(""2025-04-16""), 17)",
"(Date(""2025-04-16""), 103)",
"(Date(""2025-04-16""), 66)",
"(Date(""2025-04-17""), 6)",
"(Date(""2025-04-17""), 3)",
"(Date(""2025-04-17""), 31)",
"(Date(""2025-04-17""), 80)",
"(Date(""2025-04-17""), 66)",
"(Date(""2025-04-17""), 17)",
"(Date(""2025-04-17""), 103)",
"(Date(""2025-04-18""), 6)",
"(Date(""2025-04-18""), 3)",
"(Date(""2025-04-18""), 31)",
"(Date(""2025-04-18""), 80)",
"(Date(""2025-04-18""), 17)",
"(Date(""2025-04-18""), 103)",
"(Date(""2025-04-18""), 66)",
"(Date(""2025-04-19""), 6)",
"(Date(""2025-04-19""), 3)",
"(Date(""2025-04-19""), 31)",
"(Date(""2025-04-19""), 80)",
"(Date(""2025-04-19""), 66)",
"(Date(""2025-04-19""), 17)",
"(Date(""2025-04-19""), 103)",
"(Date(""2025-04-20""), 3)",
"(Date(""2025-04-20""), 31)",
"(Date(""2025-04-20""), 6)",
"(Date(""2025-04-20""), 80)",
"(Date(""2025-04-20""), 17)",
"(Date(""2025-04-20""), 103)",
"(Date(""2025-04-20""), 66)",
"(Date(""2025-04-21""), 3)",
"(Date(""2025-04-21""), 31)",
"(Date(""2025-04-21""), 6)",
"(Date(""2025-04-21""), 80)",
"(Date(""2025-04-21""), 66)",
"(Date(""2025-04-21""), 17)",
"(Date(""2025-04-21""), 103)",
"(Date(""2025-04-22""), 3)",
"(Date(""2025-04-22""), 31)",
"(Date(""2025-04-22""), 6)",
"(Date(""2025-04-22""), 80)",
"(Date(""2025-04-22""), 17)",
"(Date(""2025-04-22""), 103)",
"(Date(""2025-04-22""), 66)",
"(Date(""2025-04-23""), 3)",
"(Date(""2025-04-23""), 31)",
"(Date(""2025-04-23""), 6)",
"(Date(""2025-04-23""), 80)",
"(Date(""2025-04-23""), 17)",
"(Date(""2025-04-23""), 103)",
"(Date(""2025-04-23""), 66)",
"(Date(""2025-04-24""), 6)",
"(Date(""2025-04-24""), 3)",
"(Date(""2025-04-24""), 31)",
"(Date(""2025-04-24""), 80)",
"(Date(""2025-04-24""), 66)",
"(Date(""2025-04-24""), 17)",
"(Date(""2025-04-24""), 103)",
"(Date(""2025-04-25""), 3)",
"(Date(""2025-04-25""), 31)",
"(Date(""2025-04-25""), 6)",
"(Date(""2025-04-25""), 80)",
"(Date(""2025-04-25""), 17)",
"(Date(""2025-04-25""), 103)",
"(Date(""2025-04-25""), 66)",
"(Date(""2025-04-26""), 3)",
"(Date(""2025-04-26""), 31)",
"(Date(""2025-04-26""), 6)",
"(Date(""2025-04-26""), 80)",
"(Date(""2025-04-26""), 17)",
"(Date(""2025-04-26""), 103)",
"(Date(""2025-04-26""), 66)",
"(Date(""2025-04-27""), 3)",
"(Date(""2025-04-27""), 6)",
"(Date(""2025-04-27""), 31)",
"(Date(""2025-04-27""), 80)",
"(Date(""2025-04-27""), 17)",
"(Date(""2025-04-27""), 103)",
"(Date(""2025-04-27""), 66)",
"(Date(""2025-04-28""), 3)",
"(Date(""2025-04-28""), 31)",
"(Date(""2025-04-28""), 6)",
"(Date(""2025-04-28""), 80)",
"(Date(""2025-04-28""), 17)",
"(Date(""2025-04-28""), 103)",
"(Date(""2025-04-28""), 66)",
"(Date(""2025-04-29""), 3)",
"(Date(""2025-04-29""), 31)",
"(Date(""2025-04-29""), 6)",
"(Date(""2025-04-29""), 80)",
"(Date(""2025-04-29""), 17)",
"(Date(""2025-04-29""), 103)",
"(Date(""2025-04-29""), 66)",
"(Date(""2025-04-30""), 3)",
"(Date(""2025-04-30""), 31)",
"(Date(""2025-04-30""), 6)",
"(Date(""2025-04-30""), 80)",
"(Date(""2025-04-30""), 17)",
"(Date(""2025-04-30""), 103)",
"(Date(""2025-04-30""), 66)",
"(Date(""2025-05-01""), 3)",
"(Date(""2025-05-01""), 31)",
"(Date(""2025-05-01""), 6)",
"(Date(""2025-05-01""), 80)",
"(Date(""2025-05-01""), 17)",
"(Date(""2025-05-01""), 103)",
"(Date(""2025-05-01""), 66)",
"(Date(""2025-05-02""), 3)",
"(Date(""2025-05-02""), 31)",
"(Date(""2025-05-02""), 6)",
"(Date(""2025-05-02""), 80)",
"(Date(""2025-05-02""), 17)",
"(Date(""2025-05-02""), 103)",
"(Date(""2025-05-02""), 66)",
"(Date(""2025-05-03""), 3)",
"(Date(""2025-05-03""), 31)",
"(Date(""2025-05-03""), 6)",
"(Date(""2025-05-03""), 80)",
"(Date(""2025-05-03""), 17)",
"(Date(""2025-05-03""), 103)",
"(Date(""2025-05-03""), 66)",
"(Date(""2025-05-04""), 3)",
"(Date(""2025-05-04""), 31)",
"(Date(""2025-05-04""), 6)",
"(Date(""2025-05-04""), 80)",
"(Date(""2025-05-04""), 17)",
"(Date(""2025-05-04""), 103)",
"(Date(""2025-05-04""), 66)",
"(Date(""2025-05-05""), 3)",
"(Date(""2025-05-05""), 31)",
"(Date(""2025-05-05""), 6)",
"(Date(""2025-05-05""), 80)",
"(Date(""2025-05-05""), 17)",
"(Date(""2025-05-05""), 103)",
"(Date(""2025-05-05""), 66)",
"(Date(""2025-05-06""), 3)",
"(Date(""2025-05-06""), 31)",
"(Date(""2025-05-06""), 6)",
"(Date(""2025-05-06""), 80)",
"(Date(""2025-05-06""), 17)",
"(Date(""2025-05-06""), 103)",
"(Date(""2025-05-06""), 66)",
"(Date(""2025-05-07""), 3)",
"(Date(""2025-05-07""), 31)",
"(Date(""2025-05-07""), 6)",
"(Date(""2025-05-07""), 80)",
"(Date(""2025-05-07""), 103)",
"(Date(""2025-05-07""), 66)",
"(Date(""2025-05-07""), 17)",
"(Date(""2025-05-08""), 3)",
"(Date(""2025-05-08""), 31)",
"(Date(""2025-05-08""), 6)",
"(Date(""2025-05-08""), 80)",
"(Date(""2025-05-08""), 103)",
"(Date(""2025-05-08""), 66)",
"(Date(""2025-05-08""), 17)",
"(Date(""2025-05-09""), 3)",
"(Date(""2025-05-09""), 31)",
"(Date(""2025-05-09""), 6)",
"(Date(""2025-05-09""), 80)",
"(Date(""2025-05-09""), 66)",
"(Date(""2025-05-09""), 103)",
"(Date(""2025-05-09""), 17)",
"(Date(""2025-05-10""), 3)",
"(Date(""2025-05-10""), 31)",
"(Date(""2025-05-10""), 6)",
"(Date(""2025-05-10""), 80)",
"(Date(""2025-05-10""), 103)",
"(Date(""2025-05-10""), 66)",
"(Date(""2025-05-10""), 17)",
"(Date(""2025-05-11""), 3)",
"(Date(""2025-05-11""), 31)",
"(Date(""2025-05-11""), 6)",
"(Date(""2025-05-11""), 80)",
"(Date(""2025-05-11""), 103)",
"(Date(""2025-05-11""), 66)",
"(Date(""2025-05-11""), 17)",
"(Date(""2025-05-12""), 3)",
"(Date(""2025-05-12""), 31)",
"(Date(""2025-05-12""), 6)",
"(Date(""2025-05-12""), 80)",
"(Date(""2025-05-12""), 103)",
"(Date(""2025-05-12""), 66)",
"(Date(""2025-05-12""), 17)",
"(Date(""2025-05-13""), 3)",
"(Date(""2025-05-13""), 31)",
"(Date(""2025-05-13""), 6)",
"(Date(""2025-05-13""), 80)",
"(Date(""2025-05-13""), 103)",
"(Date(""2025-05-13""), 66)",
"(Date(""2025-05-13""), 17)",
"(Date(""2025-05-14""), 3)",
"(Date(""2025-05-14""), 31)",
"(Date(""2025-05-14""), 6)",
"(Date(""2025-05-14""), 80)",
"(Date(""2025-05-14""), 103)",
"(Date(""2025-05-14""), 66)",
"(Date(""2025-05-14""), 17)",
"(Date(""2025-05-15""), 3)",
"(Date(""2025-05-15""), 31)",
"(Date(""2025-05-15""), 6)",
"(Date(""2025-05-15""), 80)",
"(Date(""2025-05-15""), 103)",
"(Date(""2025-05-15""), 66)",
"(Date(""2025-05-15""), 17)",
"(Date(""2025-05-16""), 3)",
"(Date(""2025-05-16""), 31)",
"(Date(""2025-05-16""), 6)",
"(Date(""2025-05-16""), 80)",
"(Date(""2025-05-16""), 103)",
"(Date(""2025-05-16""), 66)",
"(Date(""2025-05-16""), 17)",
"(Date(""2025-05-17""), 3)",
"(Date(""2025-05-17""), 31)",
"(Date(""2025-05-17""), 6)",
"(Date(""2025-05-17""), 80)",
"(Date(""2025-05-17""), 103)",
"(Date(""2025-05-17""), 66)",
"(Date(""2025-05-17""), 17)",
"(Date(""2025-05-18""), 3)",
"(Date(""2025-05-18""), 31)",
"(Date(""2025-05-18""), 6)",
"(Date(""2025-05-18""), 80)",
"(Date(""2025-05-18""), 103)",
"(Date(""2025-05-18""), 66)",
"(Date(""2025-05-18""), 17)",
"(Date(""2025-05-19""), 3)",
"(Date(""2025-05-19""), 31)",
"(Date(""2025-05-19""), 6)",
"(Date(""2025-05-19""), 80)",
"(Date(""2025-05-19""), 103)",
"(Date(""2025-05-19""), 66)",
"(Date(""2025-05-19""), 17)",
"(Date(""2025-05-20""), 3)",
"(Date(""2025-05-20""), 31)",
"(Date(""2025-05-20""), 6)",
"(Date(""2025-05-20""), 80)",
"(Date(""2025-05-20""), 103)",
"(Date(""2025-05-20""), 66)",
"(Date(""2025-05-20""), 17)",
"(Date(""2025-05-21""), 3)",
"(Date(""2025-05-21""), 31)",
"(Date(""2025-05-21""), 6)",
"(Date(""2025-05-21""), 80)",
"(Date(""2025-05-21""), 103)",
"(Date(""2025-05-21""), 66)",
"(Date(""2025-05-21""), 17)",
"(Date(""2025-05-22""), 3)",
"(Date(""2025-05-22""), 31)",
"(Date(""2025-05-22""), 6)",
"(Date(""2025-05-22""), 80)",
"(Date(""2025-05-22""), 103)",
"(Date(""2025-05-22""), 66)",
"(Date(""2025-05-22""), 17)",
"(Date(""2025-05-23""), 3)",
"(Date(""2025-05-23""), 31)",
"(Date(""2025-05-23""), 6)",
"(Date(""2025-05-23""), 80)",
"(Date(""2025-05-23""), 103)",
"(Date(""2025-05-23""), 66)",
"(Date(""2025-05-23""), 17)",
"(Date(""2025-05-24""), 3)",
"(Date(""2025-05-24""), 31)",
"(Date(""2025-05-24""), 6)",
"(Date(""2025-05-24""), 80)",
"(Date(""2025-05-24""), 103)",
"(Date(""2025-05-24""), 66)",
"(Date(""2025-05-24""), 17)",
"(Date(""2025-05-25""), 3)",
"(Date(""2025-05-25""), 31)",
"(Date(""2025-05-25""), 6)",
"(Date(""2025-05-25""), 80)",
"(Date(""2025-05-25""), 103)",
"(Date(""2025-05-25""), 66)",
"(Date(""2025-05-25""), 17)",
"(Date(""2025-05-26""), 3)",
"(Date(""2025-05-26""), 31)",
"(Date(""2025-05-26""), 6)",
"(Date(""2025-05-26""), 80)",
"(Date(""2025-05-26""), 103)",
"(Date(""2025-05-26""), 66)",
"(Date(""2025-05-26""), 17)",
"(Date(""2025-05-27""), 3)",
"(Date(""2025-05-27""), 31)",
"(Date(""2025-05-27""), 6)",
"(Date(""2025-05-27""), 80)",
"(Date(""2025-05-27""), 103)",
"(Date(""2025-05-27""), 66)",
"(Date(""2025-05-27""), 17)",
"(Date(""2025-05-28""), 3)",
"(Date(""2025-05-28""), 31)",
"(Date(""2025-05-28""), 6)",
"(Date(""2025-05-28""), 80)",
"(Date(""2025-05-28""), 17)",
"(Date(""2025-05-28""), 103)",
"(Date(""2025-05-28""), 66)",
"(Date(""2025-05-29""), 3)",
"(Date(""2025-05-29""), 31)",
"(Date(""2025-05-29""), 6)",
"(Date(""2025-05-29""), 80)",
"(Date(""2025-05-29""), 17)",
"(Date(""2025-05-29""), 103)",
"(Date(""2025-05-29""), 66)",
"(Date(""2025-05-30""), 3)",
"(Date(""2025-05-30""), 31)",
"(Date(""2025-05-30""), 6)",
"(Date(""2025-05-30""), 80)",
"(Date(""2025-05-30""), 17)",
"(Date(""2025-05-30""), 66)",
"(Date(""2025-05-30""), 103)",
"(Date(""2025-05-31""), 3)",
"(Date(""2025-05-31""), 31)",
"(Date(""2025-05-31""), 6)",
"(Date(""2025-05-31""), 80)",
"(Date(""2025-05-31""), 17)",
"(Date(""2025-05-31""), 66)",
"(Date(""2025-05-31""), 103)",
"(Date(""2025-06-01""), 31)",
"(Date(""2025-06-01""), 3)",
"(Date(""2025-06-01""), 6)",
"(Date(""2025-06-01""), 80)",
"(Date(""2025-06-01""), 17)",
"(Date(""2025-06-01""), 66)",
"(Date(""2025-06-01""), 103)",
"(Date(""2025-06-02""), 6)",
"(Date(""2025-06-02""), 3)",
"(Date(""2025-06-02""), 31)",
"(Date(""2025-06-02""), 80)",
"(Date(""2025-06-02""), 17)",
"(Date(""2025-06-02""), 66)",
"(Date(""2025-06-02""), 103)",
"(Date(""2025-06-03""), 6)",
"(Date(""2025-06-03""), 3)",
"(Date(""2025-06-03""), 31)",
"(Date(""2025-06-03""), 80)",
"(Date(""2025-06-03""), 17)",
"(Date(""2025-06-03""), 66)",
"(Date(""2025-06-03""), 103)",
"(Date(""2025-06-04""), 6)",
"(Date(""2025-06-04""), 3)",
"(Date(""2025-06-04""), 31)",
"(Date(""2025-06-04""), 80)",
"(Date(""2025-06-04""), 17)",
"(Date(""2025-06-04""), 66)",
"(Date(""2025-06-04""), 103)",
"(Date(""2025-06-05""), 3)",
"(Date(""2025-06-05""), 31)",
"(Date(""2025-06-05""), 6)",
"(Date(""2025-06-05""), 80)",
"(Date(""2025-06-05""), 17)",
"(Date(""2025-06-05""), 66)",
"(Date(""2025-06-05""), 103)",
"(Date(""2025-06-06""), 3)",
"(Date(""2025-06-06""), 31)",
"(Date(""2025-06-06""), 6)",
"(Date(""2025-06-06""), 80)",
"(Date(""2025-06-06""), 17)",
"(Date(""2025-06-06""), 66)",
"(Date(""2025-06-06""), 103)",
"(Date(""2025-06-07""), 6)",
"(Date(""2025-06-07""), 3)",
"(Date(""2025-06-07""), 31)",
"(Date(""2025-06-07""), 80)",
"(Date(""2025-06-07""), 17)",
"(Date(""2025-06-07""), 66)",
"(Date(""2025-06-07""), 103)",
"(Date(""2025-06-08""), 6)",
"(Date(""2025-06-08""), 3)",
"(Date(""2025-06-08""), 31)",
"(Date(""2025-06-08""), 80)",
"(Date(""2025-06-08""), 17)",
"(Date(""2025-06-08""), 66)",
"(Date(""2025-06-08""), 103)",
"(Date(""2025-06-09""), 6)",
"(Date(""2025-06-09""), 3)",
"(Date(""2025-06-09""), 31)",
"(Date(""2025-06-09""), 80)",
"(Date(""2025-06-09""), 17)",
"(Date(""2025-06-09""), 66)",
"(Date(""2025-06-09""), 103)",
"(Date(""2025-06-10""), 3)",
"(Date(""2025-06-10""), 31)",
"(Date(""2025-06-10""), 6)",
"(Date(""2025-06-10""), 80)",
"(Date(""2025-06-10""), 17)",
"(Date(""2025-06-10""), 66)",
"(Date(""2025-06-10""), 103)",
"(Date(""2025-06-11""), 3)",
"(Date(""2025-06-11""), 31)",
"(Date(""2025-06-11""), 6)",
"(Date(""2025-06-11""), 80)",
"(Date(""2025-06-11""), 17)",
"(Date(""2025-06-11""), 66)",
"(Date(""2025-06-11""), 103)",
"(Date(""2025-06-12""), 6)",
"(Date(""2025-06-12""), 31)",
"(Date(""2025-06-12""), 3)",
"(Date(""2025-06-12""), 80)",
"(Date(""2025-06-12""), 17)",
"(Date(""2025-06-12""), 66)",
"(Date(""2025-06-12""), 103)",
"(Date(""2025-06-13""), 3)",
"(Date(""2025-06-13""), 6)",
"(Date(""2025-06-13""), 31)",
"(Date(""2025-06-13""), 80)",
"(Date(""2025-06-13""), 17)",
"(Date(""2025-06-13""), 66)",
"(Date(""2025-06-13""), 103)",
"(Date(""2025-06-14""), 3)",
"(Date(""2025-06-14""), 31)",
"(Date(""2025-06-14""), 6)",
"(Date(""2025-06-14""), 80)",
"(Date(""2025-06-14""), 17)",
"(Date(""2025-06-14""), 66)",
"(Date(""2025-06-14""), 103)",
"(Date(""2025-06-15""), 3)",
"(Date(""2025-06-15""), 31)",
"(Date(""2025-06-15""), 6)",
"(Date(""2025-06-15""), 80)",
"(Date(""2025-06-15""), 17)",
"(Date(""2025-06-15""), 66)",
"(Date(""2025-06-15""), 103)",
"(Date(""2025-06-16""), 3)",
"(Date(""2025-06-16""), 6)",
"(Date(""2025-06-16""), 31)",
"(Date(""2025-06-16""), 80)",
"(Date(""2025-06-16""), 17)",
"(Date(""2025-06-16""), 66)",
"(Date(""2025-06-16""), 103)",
"(Date(""2025-06-17""), 3)",
"(Date(""2025-06-17""), 6)",
"(Date(""2025-06-17""), 31)",
"(Date(""2025-06-17""), 80)",
"(Date(""2025-06-17""), 17)",
"(Date(""2025-06-17""), 66)",
"(Date(""2025-06-17""), 103)",
"(Date(""2025-06-18""), 3)",
"(Date(""2025-06-18""), 31)",
"(Date(""2025-06-18""), 6)",
"(Date(""2025-06-18""), 80)",
"(Date(""2025-06-18""), 17)",
"(Date(""2025-06-18""), 66)",
"(Date(""2025-06-18""), 103)",
"(Date(""2025-06-19""), 3)",
"(Date(""2025-06-19""), 31)",
"(Date(""2025-06-19""), 6)",
"(Date(""2025-06-19""), 80)",
"(Date(""2025-06-19""), 17)",
"(Date(""2025-06-19""), 66)",
"(Date(""2025-06-19""), 103)",
"(Date(""2025-06-20""), 31)",
"(Date(""2025-06-20""), 3)",
"(Date(""2025-06-20""), 6)",
"(Date(""2025-06-20""), 80)",
"(Date(""2025-06-20""), 17)",
"(Date(""2025-06-20""), 66)",
"(Date(""2025-06-20""), 103)",
"(Date(""2025-06-21""), 3)",
"(Date(""2025-06-21""), 31)",
"(Date(""2025-06-21""), 6)",
"(Date(""2025-06-21""), 80)",
"(Date(""2025-06-21""), 17)",
"(Date(""2025-06-21""), 66)",
"(Date(""2025-06-21""), 103)",
"(Date(""2025-06-22""), 3)",
"(Date(""2025-06-22""), 31)",
"(Date(""2025-06-22""), 6)",
"(Date(""2025-06-22""), 80)",
"(Date(""2025-06-22""), 17)",
"(Date(""2025-06-22""), 66)",
"(Date(""2025-06-22""), 103)",
"(Date(""2025-06-23""), 3)",
"(Date(""2025-06-23""), 31)",
"(Date(""2025-06-23""), 6)",
"(Date(""2025-06-23""), 80)",
"(Date(""2025-06-23""), 17)",
"(Date(""2025-06-23""), 66)",
"(Date(""2025-06-23""), 103)",
"(Date(""2025-06-24""), 31)",
"(Date(""2025-06-24""), 3)",
"(Date(""2025-06-24""), 6)",
"(Date(""2025-06-24""), 80)",
"(Date(""2025-06-24""), 17)",
"(Date(""2025-06-24""), 66)",
"(Date(""2025-06-24""), 103)",
"(Date(""2025-06-25""), 31)",
"(Date(""2025-06-25""), 3)",
"(Date(""2025-06-25""), 6)",
"(Date(""2025-06-25""), 80)",
"(Date(""2025-06-25""), 17)",
"(Date(""2025-06-25""), 66)",
"(Date(""2025-06-25""), 103)",
"(Date(""2025-06-26""), 31)",
"(Date(""2025-06-26""), 3)",
"(Date(""2025-06-26""), 6)",
"(Date(""2025-06-26""), 80)",
"(Date(""2025-06-26""), 17)",
"(Date(""2025-06-26""), 103)",
"(Date(""2025-06-26""), 66)",
"(Date(""2025-06-27""), 3)",
"(Date(""2025-06-27""), 31)",
"(Date(""2025-06-27""), 6)",
"(Date(""2025-06-27""), 80)",
"(Date(""2025-06-27""), 17)",
"(Date(""2025-06-27""), 103)",
"(Date(""2025-06-27""), 66)",
"(Date(""2025-06-28""), 3)",
"(Date(""2025-06-28""), 31)",
"(Date(""2025-06-28""), 6)",
"(Date(""2025-06-28""), 80)",
"(Date(""2025-06-28""), 17)",
"(Date(""2025-06-28""), 103)",
"(Date(""2025-06-28""), 66)",
"(Date(""2025-06-29""), 3)",
"(Date(""2025-06-29""), 31)",
"(Date(""2025-06-29""), 6)",
"(Date(""2025-06-29""), 80)",
"(Date(""2025-06-29""), 17)",
"(Date(""2025-06-29""), 103)",
"(Date(""2025-06-29""), 66)",
"(Date(""2025-06-30""), 3)",
"(Date(""2025-06-30""), 31)",
"(Date(""2025-06-30""), 6)",
"(Date(""2025-06-30""), 80)",
"(Date(""2025-06-30""), 17)",
"(Date(""2025-06-30""), 103)",
"(Date(""2025-06-30""), 66)",
"(Date(""2025-07-01""), 3)",
"(Date(""2025-07-01""), 31)",
"(Date(""2025-07-01""), 6)",
"(Date(""2025-07-01""), 80)",
"(Date(""2025-07-01""), 103)",
"(Date(""2025-07-01""), 17)",
"(Date(""2025-07-01""), 66)",
"(Date(""2025-07-02""), 31)",
"(Date(""2025-07-02""), 3)",
"(Date(""2025-07-02""), 6)",
"(Date(""2025-07-02""), 80)",
"(Date(""2025-07-02""), 17)",
"(Date(""2025-07-02""), 103)",
"(Date(""2025-07-02""), 66)",
"(Date(""2025-07-03""), 31)",
"(Date(""2025-07-03""), 3)",
"(Date(""2025-07-03""), 6)",
"(Date(""2025-07-03""), 80)",
"(Date(""2025-07-03""), 17)",
"(Date(""2025-07-03""), 103)",
"(Date(""2025-07-03""), 66)",
"(Date(""2025-07-04""), 31)",
"(Date(""2025-07-04""), 3)",
"(Date(""2025-07-04""), 6)",
"(Date(""2025-07-04""), 80)",
"(Date(""2025-07-04""), 17)",
"(Date(""2025-07-04""), 103)",
"(Date(""2025-07-04""), 66)",
"(Date(""2025-07-05""), 31)",
"(Date(""2025-07-05""), 3)",
"(Date(""2025-07-05""), 6)",
"(Date(""2025-07-05""), 80)",
"(Date(""2025-07-05""), 17)",
"(Date(""2025-07-05""), 103)",
"(Date(""2025-07-05""), 66)",
"(Date(""2025-07-06""), 3)",
"(Date(""2025-07-06""), 31)",
"(Date(""2025-07-06""), 6)",
"(Date(""2025-07-06""), 80)",
"(Date(""2025-07-06""), 17)",
"(Date(""2025-07-06""), 103)",
"(Date(""2025-07-06""), 66)",
"(Date(""2025-07-07""), 31)",
"(Date(""2025-07-07""), 6)",
"(Date(""2025-07-07""), 3)",
"(Date(""2025-07-07""), 80)",
"(Date(""2025-07-07""), 17)",
"(Date(""2025-07-07""), 103)",
"(Date(""2025-07-07""), 66)",
"(Date(""2025-07-08""), 31)",
"(Date(""2025-07-08""), 3)",
"(Date(""2025-07-08""), 6)",
"(Date(""2025-07-08""), 80)",
"(Date(""2025-07-08""), 17)",
"(Date(""2025-07-08""), 103)",
"(Date(""2025-07-08""), 66)",
"(Date(""2025-07-09""), 31)",
"(Date(""2025-07-09""), 3)",
"(Date(""2025-07-09""), 6)",
"(Date(""2025-07-09""), 80)",
"(Date(""2025-07-09""), 17)",
"(Date(""2025-07-09""), 103)",
"(Date(""2025-07-09""), 66)",
"(Date(""2025-07-10""), 31)",
"(Date(""2025-07-10""), 3)",
"(Date(""2025-07-10""), 6)",
"(Date(""2025-07-10""), 80)",
"(Date(""2025-07-10""), 17)",
"(Date(""2025-07-10""), 103)",
"(Date(""2025-07-10""), 66)",
"(Date(""2025-07-11""), 31)",
"(Date(""2025-07-11""), 3)",
"(Date(""2025-07-11""), 6)",
"(Date(""2025-07-11""), 80)",
"(Date(""2025-07-11""), 17)",
"(Date(""2025-07-11""), 103)",
"(Date(""2025-07-11""), 66)",
"(Date(""2025-07-12""), 31)",
"(Date(""2025-07-12""), 3)",
"(Date(""2025-07-12""), 6)",
"(Date(""2025-07-12""), 80)",
"(Date(""2025-07-12""), 17)",
"(Date(""2025-07-12""), 103)",
"(Date(""2025-07-12""), 66)",
"(Date(""2025-07-13""), 31)",
"(Date(""2025-07-13""), 6)",
"(Date(""2025-07-13""), 3)",
"(Date(""2025-07-13""), 80)",
"(Date(""2025-07-13""), 17)",
"(Date(""2025-07-13""), 103)",
"(Date(""2025-07-13""), 66)",
"(Date(""2025-07-14""), 31)",
"(Date(""2025-07-14""), 6)",
"(Date(""2025-07-14""), 3)",
"(Date(""2025-07-14""), 80)",
"(Date(""2025-07-14""), 17)",
"(Date(""2025-07-14""), 103)",
"(Date(""2025-07-14""), 66)",
"(Date(""2025-07-15""), 6)",
"(Date(""2025-07-15""), 31)",
"(Date(""2025-07-15""), 3)",
"(Date(""2025-07-15""), 80)",
"(Date(""2025-07-15""), 66)",
"(Date(""2025-07-15""), 17)",
"(Date(""2025-07-15""), 103)",
"(Date(""2025-07-16""), 3)",
"(Date(""2025-07-16""), 6)",
"(Date(""2025-07-16""), 31)",
"(Date(""2025-07-16""), 80)",
"(Date(""2025-07-16""), 66)",
"(Date(""2025-07-16""), 17)",
"(Date(""2025-07-16""), 103)",
"(Date(""2025-07-17""), 6)",
"(Date(""2025-07-17""), 31)",
"(Date(""2025-07-17""), 3)",
"(Date(""2025-07-17""), 80)",
"(Date(""2025-07-17""), 17)",
"(Date(""2025-07-17""), 103)",
"(Date(""2025-07-17""), 66)",
"(Date(""2025-07-18""), 31)",
"(Date(""2025-07-18""), 6)",
"(Date(""2025-07-18""), 3)",
"(Date(""2025-07-18""), 80)",
"(Date(""2025-07-18""), 17)",
"(Date(""2025-07-18""), 103)",
"(Date(""2025-07-18""), 66)",
"(Date(""2025-07-19""), 3)",
"(Date(""2025-07-19""), 31)",
"(Date(""2025-07-19""), 6)",
"(Date(""2025-07-19""), 80)",
"(Date(""2025-07-19""), 17)",
"(Date(""2025-07-19""), 103)",
"(Date(""2025-07-19""), 66)",
"(Date(""2025-07-20""), 31)",
"(Date(""2025-07-20""), 3)",
"(Date(""2025-07-20""), 6)",
"(Date(""2025-07-20""), 80)",
"(Date(""2025-07-20""), 17)",
"(Date(""2025-07-20""), 103)",
"(Date(""2025-07-20""), 66)",
"(Date(""2025-07-21""), 6)",
"(Date(""2025-07-21""), 31)",
"(Date(""2025-07-21""), 3)",
"(Date(""2025-07-21""), 80)",
"(Date(""2025-07-21""), 66)",
"(Date(""2025-07-21""), 17)",
"(Date(""2025-07-21""), 103)",
"(Date(""2025-07-22""), 6)",
"(Date(""2025-07-22""), 31)",
"(Date(""2025-07-22""), 3)",
"(Date(""2025-07-22""), 80)",
"(Date(""2025-07-22""), 66)",
"(Date(""2025-07-22""), 17)",
"(Date(""2025-07-22""), 103)",
"(Date(""2025-07-23""), 31)",
"(Date(""2025-07-23""), 3)",
"(Date(""2025-07-23""), 6)",
"(Date(""2025-07-23""), 80)",
"(Date(""2025-07-23""), 17)",
"(Date(""2025-07-23""), 103)",
"(Date(""2025-07-23""), 66)",
"(Date(""2025-07-24""), 3)",
"(Date(""2025-07-24""), 6)",
"(Date(""2025-07-24""), 31)",
"(Date(""2025-07-24""), 80)",
"(Date(""2025-07-24""), 103)",
"(Date(""2025-07-24""), 66)",
"(Date(""2025-07-24""), 17)",
"(Date(""2025-07-25""), 6)",
"(Date(""2025-07-25""), 31)",
"(Date(""2025-07-25""), 3)",
"(Date(""2025-07-25""), 80)",
"(Date(""2025-07-25""), 66)",
"(Date(""2025-07-25""), 17)",
"(Date(""2025-07-25""), 103)",
"(Date(""2025-07-26""), 31)",
"(Date(""2025-07-26""), 3)",
"(Date(""2025-07-26""), 6)",
"(Date(""2025-07-26""), 80)",
"(Date(""2025-07-26""), 17)",
"(Date(""2025-07-26""), 103)",
"(Date(""2025-07-26""), 66)",
"(Date(""2025-07-27""), 31)",
"(Date(""2025-07-27""), 3)",
"(Date(""2025-07-27""), 6)",
"(Date(""2025-07-27""), 80)",
"(Date(""2025-07-27""), 17)",
"(Date(""2025-07-27""), 103)",
"(Date(""2025-07-27""), 66)",
"(Date(""2025-07-28""), 31)",
"(Date(""2025-07-28""), 6)",
"(Date(""2025-07-28""), 80)",
"(Date(""2025-07-28""), 3)",
"(Date(""2025-07-28""), 17)",
"(Date(""2025-07-28""), 103)",
"(Date(""2025-07-28""), 66)",
"(Date(""2025-07-29""), 3)",
"(Date(""2025-07-29""), 31)",
"(Date(""2025-07-29""), 6)",
"(Date(""2025-07-29""), 80)",
"(Date(""2025-07-29""), 66)",
"(Date(""2025-07-29""), 17)",
"(Date(""2025-07-29""), 103)",
"(Date(""2025-07-30""), 3)",
"(Date(""2025-07-30""), 31)",
"(Date(""2025-07-30""), 6)",
"(Date(""2025-07-30""), 80)",
"(Date(""2025-07-30""), 66)",
"(Date(""2025-07-30""), 17)",
"(Date(""2025-07-30""), 103)",
"(Date(""2025-07-31""), 3)",
"(Date(""2025-07-31""), 31)",
"(Date(""2025-07-31""), 6)",
"(Date(""2025-07-31""), 80)",
"(Date(""2025-07-31""), 66)",
"(Date(""2025-07-31""), 17)",
"(Date(""2025-07-31""), 103)",
"(Date(""2025-08-01""), 3)",
"(Date(""2025-08-01""), 31)",
"(Date(""2025-08-01""), 6)",
"(Date(""2025-08-01""), 80)",
"(Date(""2025-08-01""), 66)",
"(Date(""2025-08-01""), 17)",
"(Date(""2025-08-01""), 103)",
"(Date(""2025-08-02""), 31)",
"(Date(""2025-08-02""), 3)",
"(Date(""2025-08-02""), 6)",
"(Date(""2025-08-02""), 80)",
"(Date(""2025-08-02""), 17)",
"(Date(""2025-08-02""), 103)",
"(Date(""2025-08-02""), 66)",
"(Date(""2025-08-03""), 3)",
"(Date(""2025-08-03""), 31)",
"(Date(""2025-08-03""), 6)",
"(Date(""2025-08-03""), 80)",
"(Date(""2025-08-03""), 17)",
"(Date(""2025-08-03""), 103)",
"(Date(""2025-08-03""), 66)",
"(Date(""2025-08-04""), 31)",
"(Date(""2025-08-04""), 3)",
"(Date(""2025-08-04""), 6)",
"(Date(""2025-08-04""), 80)",
"(Date(""2025-08-04""), 17)",
"(Date(""2025-08-04""), 103)",
"(Date(""2025-08-04""), 66)",
"(Date(""2025-08-05""), 31)",
"(Date(""2025-08-05""), 3)",
"(Date(""2025-08-05""), 6)",
"(Date(""2025-08-05""), 80)",
"(Date(""2025-08-05""), 17)",
"(Date(""2025-08-05""), 103)",
"(Date(""2025-08-05""), 66)",
"(Date(""2025-08-06""), 31)",
"(Date(""2025-08-06""), 3)",
"(Date(""2025-08-06""), 6)",
"(Date(""2025-08-06""), 80)",
"(Date(""2025-08-06""), 17)",
"(Date(""2025-08-06""), 103)",
"(Date(""2025-08-06""), 66)",
"(Date(""2025-08-07""), 31)",
"(Date(""2025-08-07""), 3)",
"(Date(""2025-08-07""), 6)",
"(Date(""2025-08-07""), 80)",
"(Date(""2025-08-07""), 66)",
"(Date(""2025-08-07""), 17)",
"(Date(""2025-08-07""), 103)",
"(Date(""2025-08-08""), 31)",
"(Date(""2025-08-08""), 3)",
"(Date(""2025-08-08""), 6)",
"(Date(""2025-08-08""), 80)",
"(Date(""2025-08-08""), 66)",
"(Date(""2025-08-08""), 17)",
"(Date(""2025-08-08""), 103)",
"(Date(""2025-08-09""), 31)",
"(Date(""2025-08-09""), 6)",
"(Date(""2025-08-09""), 3)",
"(Date(""2025-08-09""), 80)",
"(Date(""2025-08-09""), 66)",
"(Date(""2025-08-09""), 17)",
"(Date(""2025-08-09""), 103)",
"(Date(""2025-08-10""), 31)",
"(Date(""2025-08-10""), 6)",
"(Date(""2025-08-10""), 3)",
"(Date(""2025-08-10""), 80)",
"(Date(""2025-08-10""), 66)",
"(Date(""2025-08-10""), 17)",
"(Date(""2025-08-10""), 103)",
"(Date(""2025-08-11""), 31)",
"(Date(""2025-08-11""), 3)",
"(Date(""2025-08-11""), 6)",
"(Date(""2025-08-11""), 80)",
"(Date(""2025-08-11""), 17)",
"(Date(""2025-08-11""), 103)",
"(Date(""2025-08-11""), 66)",
"(Date(""2025-08-12""), 3)",
"(Date(""2025-08-12""), 31)",
"(Date(""2025-08-12""), 6)",
"(Date(""2025-08-12""), 80)",
"(Date(""2025-08-12""), 66)",
"(Date(""2025-08-12""), 17)",
"(Date(""2025-08-12""), 103)",
"(Date(""2025-08-13""), 3)",
"(Date(""2025-08-13""), 6)",
"(Date(""2025-08-13""), 31)",
"(Date(""2025-08-13""), 80)",
"(Date(""2025-08-13""), 66)",
"(Date(""2025-08-13""), 17)",
"(Date(""2025-08-13""), 103)",
"(Date(""2025-08-14""), 6)",
"(Date(""2025-08-14""), 31)",
"(Date(""2025-08-14""), 3)",
"(Date(""2025-08-14""), 80)",
"(Date(""2025-08-14""), 66)",
"(Date(""2025-08-14""), 17)",
"(Date(""2025-08-14""), 103)",
"(Date(""2025-08-15""), 31)",
"(Date(""2025-08-15""), 6)",
"(Date(""2025-08-15""), 3)",
"(Date(""2025-08-15""), 80)",
"(Date(""2025-08-15""), 17)",
"(Date(""2025-08-15""), 103)",
"(Date(""2025-08-15""), 66)",
"(Date(""2025-08-16""), 6)",
"(Date(""2025-08-16""), 3)",
"(Date(""2025-08-16""), 31)",
"(Date(""2025-08-16""), 80)",
"(Date(""2025-08-16""), 66)",
"(Date(""2025-08-16""), 17)",
"(Date(""2025-08-16""), 103)",
"(Date(""2025-08-17""), 6)",
"(Date(""2025-08-17""), 3)",
"(Date(""2025-08-17""), 31)",
"(Date(""2025-08-17""), 80)",
"(Date(""2025-08-17""), 66)",
"(Date(""2025-08-17""), 17)",
"(Date(""2025-08-17""), 103)",
"(Date(""2025-08-18""), 6)",
"(Date(""2025-08-18""), 3)",
"(Date(""2025-08-18""), 31)",
"(Date(""2025-08-18""), 80)",
"(Date(""2025-08-18""), 66)",
"(Date(""2025-08-18""), 17)",
"(Date(""2025-08-18""), 103)",
"(Date(""2025-08-19""), 31)",
"(Date(""2025-08-19""), 3)",
"(Date(""2025-08-19""), 6)",
"(Date(""2025-08-19""), 80)",
"(Date(""2025-08-19""), 17)",
"(Date(""2025-08-19""), 103)",
"(Date(""2025-08-19""), 66)",
"(Date(""2025-08-20""), 31)",
"(Date(""2025-08-20""), 6)",
"(Date(""2025-08-20""), 3)",
"(Date(""2025-08-20""), 80)",
"(Date(""2025-08-20""), 103)",
"(Date(""2025-08-20""), 66)",
"(Date(""2025-08-20""), 17)",
"(Date(""2025-08-21""), 6)",
"(Date(""2025-08-21""), 31)",
"(Date(""2025-08-21""), 3)",
"(Date(""2025-08-21""), 80)",
"(Date(""2025-08-21""), 66)",
"(Date(""2025-08-21""), 17)",
"(Date(""2025-08-21""), 103)",
"(Date(""2025-08-22""), 6)",
"(Date(""2025-08-22""), 31)",
"(Date(""2025-08-22""), 3)",
"(Date(""2025-08-22""), 80)",
"(Date(""2025-08-22""), 66)",
"(Date(""2025-08-22""), 17)",
"(Date(""2025-08-22""), 103)",
"(Date(""2025-08-23""), 3)",
"(Date(""2025-08-23""), 6)",
"(Date(""2025-08-23""), 31)",
"(Date(""2025-08-23""), 80)",
"(Date(""2025-08-23""), 17)",
"(Date(""2025-08-23""), 66)",
"(Date(""2025-08-23""), 103)",
"(Date(""2025-08-24""), 3)",
"(Date(""2025-08-24""), 6)",
"(Date(""2025-08-24""), 31)",
"(Date(""2025-08-24""), 80)",
"(Date(""2025-08-24""), 17)",
"(Date(""2025-08-24""), 66)",
"(Date(""2025-08-24""), 103)",
"(Date(""2025-08-25""), 3)",
"(Date(""2025-08-25""), 6)",
"(Date(""2025-08-25""), 31)",
"(Date(""2025-08-25""), 80)",
"(Date(""2025-08-25""), 17)",
"(Date(""2025-08-25""), 66)",
"(Date(""2025-08-25""), 103)",
"(Date(""2025-08-26""), 6)",
"(Date(""2025-08-26""), 31)",
"(Date(""2025-08-26""), 3)",
"(Date(""2025-08-26""), 80)",
"(Date(""2025-08-26""), 103)",
"(Date(""2025-08-26""), 17)",
"(Date(""2025-08-26""), 66)",
"(Date(""2025-08-27""), 6)",
"(Date(""2025-08-27""), 31)",
"(Date(""2025-08-27""), 3)",
"(Date(""2025-08-27""), 80)",
"(Date(""2025-08-27""), 103)",
"(Date(""2025-08-27""), 17)",
"(Date(""2025-08-27""), 66)",
"(Date(""2025-08-28""), 6)",
"(Date(""2025-08-28""), 31)",
"(Date(""2025-08-28""), 3)",
"(Date(""2025-08-28""), 80)",
"(Date(""2025-08-28""), 103)",
"(Date(""2025-08-28""), 17)",
"(Date(""2025-08-28""), 66)",
"(Date(""2025-08-29""), 6)",
"(Date(""2025-08-29""), 31)",
"(Date(""2025-08-29""), 3)",
"(Date(""2025-08-29""), 80)",
"(Date(""2025-08-29""), 103)",
"(Date(""2025-08-29""), 17)",
"(Date(""2025-08-29""), 66)",
"(Date(""2025-08-30""), 6)",
"(Date(""2025-08-30""), 31)",
"(Date(""2025-08-30""), 3)",
"(Date(""2025-08-30""), 80)",
"(Date(""2025-08-30""), 103)",
"(Date(""2025-08-30""), 17)",
"(Date(""2025-08-30""), 66)",
"(Date(""2025-08-31""), 6)",
"(Date(""2025-08-31""), 31)",
"(Date(""2025-08-31""), 3)",
"(Date(""2025-08-31""), 80)",
"(Date(""2025-08-31""), 103)",
"(Date(""2025-08-31""), 17)",
"(Date(""2025-08-31""), 66)",
"(Date(""2025-09-01""), 6)",
"(Date(""2025-09-01""), 31)",
"(Date(""2025-09-01""), 3)",
"(Date(""2025-09-01""), 80)",
"(Date(""2025-09-01""), 103)",
"(Date(""2025-09-01""), 17)",
"(Date(""2025-09-01""), 66)",
"(Date(""2025-09-02""), 6)",
"(Date(""2025-09-02""), 31)",
"(Date(""2025-09-02""), 3)",
"(Date(""2025-09-02""), 80)",
"(Date(""2025-09-02""), 103)",
"(Date(""2025-09-02""), 17)",
"(Date(""2025-09-02""), 66)",
"(Date(""2025-09-03""), 6)",
"(Date(""2025-09-03""), 31)",
"(Date(""2025-09-03""), 3)",
"(Date(""2025-09-03""), 80)",
"(Date(""2025-09-03""), 103)",
"(Date(""2025-09-03""), 17)",
"(Date(""2025-09-03""), 66)",
"(Date(""2025-09-04""), 6)",
"(Date(""2025-09-04""), 31)",
"(Date(""2025-09-04""), 3)",
"(Date(""2025-09-04""), 80)",
"(Date(""2025-09-04""), 103)",
"(Date(""2025-09-04""), 17)",
"(Date(""2025-09-04""), 66)",
"(Date(""2025-09-05""), 6)",
"(Date(""2025-09-05""), 31)",
"(Date(""2025-09-05""), 3)",
"(Date(""2025-09-05""), 80)",
"(Date(""2025-09-05""), 66)",
"(Date(""2025-09-05""), 103)",
"(Date(""2025-09-05""), 17)",
"(Date(""2025-09-06""), 3)",
"(Date(""2025-09-06""), 6)",
"(Date(""2025-09-06""), 31)",
"(Date(""2025-09-06""), 80)",
"(Date(""2025-09-06""), 17)",
"(Date(""2025-09-06""), 66)",
"(Date(""2025-09-06""), 103)",
"(Date(""2025-09-07""), 3)",
"(Date(""2025-09-07""), 6)",
"(Date(""2025-09-07""), 31)",
"(Date(""2025-09-07""), 80)",
"(Date(""2025-09-07""), 17)",
"(Date(""2025-09-07""), 66)",
"(Date(""2025-09-07""), 103)",
"(Date(""2025-09-08""), 6)",
"(Date(""2025-09-08""), 31)",
"(Date(""2025-09-08""), 3)",
"(Date(""2025-09-08""), 80)",
"(Date(""2025-09-08""), 17)",
"(Date(""2025-09-08""), 66)",
"(Date(""2025-09-08""), 103)",
"(Date(""2025-09-09""), 6)",
"(Date(""2025-09-09""), 31)",
"(Date(""2025-09-09""), 3)",
"(Date(""2025-09-09""), 80)",
"(Date(""2025-09-09""), 17)",
"(Date(""2025-09-09""), 66)",
"(Date(""2025-09-09""), 103)",
"(Date(""2025-09-10""), 6)",
"(Date(""2025-09-10""), 31)",
"(Date(""2025-09-10""), 3)",
"(Date(""2025-09-10""), 80)",
"(Date(""2025-09-10""), 17)",
"(Date(""2025-09-10""), 66)",
"(Date(""2025-09-10""), 103)",
"(Date(""2025-09-11""), 6)",
"(Date(""2025-09-11""), 31)",
"(Date(""2025-09-11""), 3)",
"(Date(""2025-09-11""), 80)",
"(Date(""2025-09-11""), 17)",
"(Date(""2025-09-11""), 66)",
"(Date(""2025-09-11""), 103)",
"(Date(""2025-09-12""), 6)",
"(Date(""2025-09-12""), 31)",
"(Date(""2025-09-12""), 3)",
"(Date(""2025-09-12""), 80)",
"(Date(""2025-09-12""), 17)",
"(Date(""2025-09-12""), 66)",
"(Date(""2025-09-12""), 103)",
"(Date(""2025-09-13""), 6)",
"(Date(""2025-09-13""), 31)",
"(Date(""2025-09-13""), 3)",
"(Date(""2025-09-13""), 80)",
"(Date(""2025-09-13""), 17)",
"(Date(""2025-09-13""), 66)",
"(Date(""2025-09-13""), 103)",
"(Date(""2025-09-14""), 6)",
"(Date(""2025-09-14""), 31)",
"(Date(""2025-09-14""), 3)",
"(Date(""2025-09-14""), 80)",
"(Date(""2025-09-14""), 17)",
"(Date(""2025-09-14""), 66)",
"(Date(""2025-09-14""), 103)",
"(Date(""2025-09-15""), 6)",
"(Date(""2025-09-15""), 31)",
"(Date(""2025-09-15""), 3)",
"(Date(""2025-09-15""), 80)",
"(Date(""2025-09-15""), 17)",
"(Date(""2025-09-15""), 66)",
"(Date(""2025-09-15""), 103)",
"(Date(""2025-09-16""), 6)",
"(Date(""2025-09-16""), 31)",
"(Date(""2025-09-16""), 3)",
"(Date(""2025-09-16""), 80)",
"(Date(""2025-09-16""), 17)",
"(Date(""2025-09-16""), 66)",
"(Date(""2025-09-16""), 103)",
"(Date(""2025-09-17""), 6)",
"(Date(""2025-09-17""), 3)",
"(Date(""2025-09-17""), 31)",
"(Date(""2025-09-17""), 80)",
"(Date(""2025-09-17""), 17)",
"(Date(""2025-09-17""), 66)",
"(Date(""2025-09-17""), 103)",
"(Date(""2025-09-18""), 3)",
"(Date(""2025-09-18""), 6)",
"(Date(""2025-09-18""), 31)",
"(Date(""2025-09-18""), 80)",
"(Date(""2025-09-18""), 17)",
"(Date(""2025-09-18""), 66)",
"(Date(""2025-09-18""), 103)",
"(Date(""2025-09-19""), 3)",
"(Date(""2025-09-19""), 6)",
"(Date(""2025-09-19""), 31)",
"(Date(""2025-09-19""), 80)",
"(Date(""2025-09-19""), 17)",
"(Date(""2025-09-19""), 66)",
"(Date(""2025-09-19""), 103)",
"(Date(""2025-09-20""), 6)",
"(Date(""2025-09-20""), 31)",
"(Date(""2025-09-20""), 3)",
"(Date(""2025-09-20""), 80)",
"(Date(""2025-09-20""), 17)",
"(Date(""2025-09-20""), 66)",
"(Date(""2025-09-20""), 103)",
"(Date(""2025-09-21""), 6)",
"(Date(""2025-09-21""), 31)",
"(Date(""2025-09-21""), 3)",
"(Date(""2025-09-21""), 80)",
"(Date(""2025-09-21""), 17)",
"(Date(""2025-09-21""), 66)",
"(Date(""2025-09-21""), 103)",
"(Date(""2025-09-22""), 3)",
"(Date(""2025-09-22""), 31)",
"(Date(""2025-09-22""), 6)",
"(Date(""2025-09-22""), 80)",
"(Date(""2025-09-22""), 17)",
"(Date(""2025-09-22""), 66)",
"(Date(""2025-09-22""), 103)",
"(Date(""2025-09-23""), 31)",
"(Date(""2025-09-23""), 3)",
"(Date(""2025-09-23""), 6)",
"(Date(""2025-09-23""), 80)",
"(Date(""2025-09-23""), 17)",
"(Date(""2025-09-23""), 66)",
"(Date(""2025-09-23""), 103)",
"(Date(""2025-09-24""), 31)",
"(Date(""2025-09-24""), 3)",
"(Date(""2025-09-24""), 6)",
"(Date(""2025-09-24""), 80)",
"(Date(""2025-09-24""), 17)",
"(Date(""2025-09-24""), 66)",
"(Date(""2025-09-24""), 103)",
"(Date(""2025-09-25""), 31)",
"(Date(""2025-09-25""), 3)",
"(Date(""2025-09-25""), 6)",
"(Date(""2025-09-25""), 80)",
"(Date(""2025-09-25""), 66)",
"(Date(""2025-09-25""), 17)",
"(Date(""2025-09-25""), 103)",
"(Date(""2025-09-26""), 31)",
"(Date(""2025-09-26""), 3)",
"(Date(""2025-09-26""), 6)",
"(Date(""2025-09-26""), 80)",
"(Date(""2025-09-26""), 103)",
"(Date(""2025-09-26""), 17)",
"(Date(""2025-09-26""), 66)",
"(Date(""2025-09-27""), 31)",
"(Date(""2025-09-27""), 3)",
"(Date(""2025-09-27""), 6)",
"(Date(""2025-09-27""), 80)",
"(Date(""2025-09-27""), 17)",
"(Date(""2025-09-27""), 66)",
"(Date(""2025-09-27""), 103)",
"(Date(""2025-09-28""), 31)",
"(Date(""2025-09-28""), 3)",
"(Date(""2025-09-28""), 6)",
"(Date(""2025-09-28""), 80)",
"(Date(""2025-09-28""), 17)",
"(Date(""2025-09-28""), 66)",
"(Date(""2025-09-28""), 103)",
"(Date(""2025-09-29""), 3)",
"(Date(""2025-09-29""), 31)",
"(Date(""2025-09-29""), 6)",
"(Date(""2025-09-29""), 80)",
"(Date(""2025-09-29""), 17)",
"(Date(""2025-09-29""), 66)",
"(Date(""2025-09-29""), 103)",
"(Date(""2025-09-30""), 3)",
"(Date(""2025-09-30""), 31)",
"(Date(""2025-09-30""), 6)",
"(Date(""2025-09-30""), 80)",
"(Date(""2025-09-30""), 66)",
"(Date(""2025-09-30""), 103)",
"(Date(""2025-09-30""), 17)",
"(Date(""2025-10-01""), 31)",
"(Date(""2025-10-01""), 3)",
"(Date(""2025-10-01""), 6)",
"(Date(""2025-10-01""), 80)",
"(Date(""2025-10-01""), 66)",
"(Date(""2025-10-01""), 103)",
"(Date(""2025-10-01""), 17)",
"(Date(""2025-10-02""), 31)",
"(Date(""2025-10-02""), 3)",
"(Date(""2025-10-02""), 6)",
"(Date(""2025-10-02""), 80)",
"(Date(""2025-10-02""), 66)",
"(Date(""2025-10-02""), 103)",
"(Date(""2025-10-02""), 17)",
"(Date(""2025-10-03""), 31)",
"(Date(""2025-10-03""), 3)",
"(Date(""2025-10-03""), 6)",
"(Date(""2025-10-03""), 80)",
"(Date(""2025-10-03""), 66)",
"(Date(""2025-10-03""), 103)",
"(Date(""2025-10-03""), 17)",
"(Date(""2025-10-04""), 3)",
"(Date(""2025-10-04""), 31)",
"(Date(""2025-10-04""), 6)",
"(Date(""2025-10-04""), 80)",
"(Date(""2025-10-04""), 17)",
"(Date(""2025-10-04""), 66)",
"(Date(""2025-10-04""), 103)",
"(Date(""2025-10-05""), 3)",
"(Date(""2025-10-05""), 31)",
"(Date(""2025-10-05""), 6)",
"(Date(""2025-10-05""), 80)",
"(Date(""2025-10-05""), 17)",
"(Date(""2025-10-05""), 66)",
"(Date(""2025-10-05""), 103)",
"(Date(""2025-10-06""), 3)",
"(Date(""2025-10-06""), 31)",
"(Date(""2025-10-06""), 6)",
"(Date(""2025-10-06""), 80)",
"(Date(""2025-10-06""), 17)",
"(Date(""2025-10-06""), 66)",
"(Date(""2025-10-06""), 103)",
"(Date(""2025-10-07""), 31)",
"(Date(""2025-10-07""), 3)",
"(Date(""2025-10-07""), 6)",
"(Date(""2025-10-07""), 80)",
"(Date(""2025-10-07""), 17)",
"(Date(""2025-10-07""), 66)",
"(Date(""2025-10-07""), 103)",
"(Date(""2025-10-08""), 3)",
"(Date(""2025-10-08""), 31)",
"(Date(""2025-10-08""), 6)",
"(Date(""2025-10-08""), 80)",
"(Date(""2025-10-08""), 17)",
"(Date(""2025-10-08""), 66)",
"(Date(""2025-10-08""), 103)",
"(Date(""2025-10-09""), 3)",
"(Date(""2025-10-09""), 31)",
"(Date(""2025-10-09""), 6)",
"(Date(""2025-10-09""), 80)",
"(Date(""2025-10-09""), 17)",
"(Date(""2025-10-09""), 66)",
"(Date(""2025-10-09""), 103)",
"(Date(""2025-10-10""), 3)",
"(Date(""2025-10-10""), 31)",
"(Date(""2025-10-10""), 6)",
"(Date(""2025-10-10""), 80)",
"(Date(""2025-10-10""), 66)",
"(Date(""2025-10-10""), 103)",
"(Date(""2025-10-10""), 17)",
"(Date(""2025-10-11""), 3)",
"(Date(""2025-10-11""), 6)",
"(Date(""2025-10-11""), 31)",
"(Date(""2025-10-11""), 80)",
"(Date(""2025-10-11""), 66)",
"(Date(""2025-10-11""), 103)",
"(Date(""2025-10-11""), 17)",
"(Date(""2025-10-12""), 3)",
"(Date(""2025-10-12""), 6)",
"(Date(""2025-10-12""), 31)",
"(Date(""2025-10-12""), 80)",
"(Date(""2025-10-12""), 66)",
"(Date(""2025-10-12""), 103)",
"(Date(""2025-10-12""), 17)",
"(Date(""2025-10-13""), 3)",
"(Date(""2025-10-13""), 6)",
"(Date(""2025-10-13""), 31)",
"(Date(""2025-10-13""), 80)",
"(Date(""2025-10-13""), 66)",
"(Date(""2025-10-13""), 103)",
"(Date(""2025-10-13""), 17)",
"(Date(""2025-10-14""), 3)",
"(Date(""2025-10-14""), 6)",
"(Date(""2025-10-14""), 31)",
"(Date(""2025-10-14""), 80)",
"(Date(""2025-10-14""), 66)",
"(Date(""2025-10-14""), 103)",
"(Date(""2025-10-14""), 17)",
"(Date(""2025-10-15""), 3)",
"(Date(""2025-10-15""), 6)",
"(Date(""2025-10-15""), 31)",
"(Date(""2025-10-15""), 80)",
"(Date(""2025-10-15""), 66)",
"(Date(""2025-10-15""), 103)",
"(Date(""2025-10-15""), 17)",
"(Date(""2025-10-16""), 3)",
"(Date(""2025-10-16""), 6)",
"(Date(""2025-10-16""), 31)",
"(Date(""2025-10-16""), 80)",
"(Date(""2025-10-16""), 66)",
"(Date(""2025-10-16""), 103)",
"(Date(""2025-10-16""), 17)",
"(Date(""2025-10-17""), 3)",
"(Date(""2025-10-17""), 31)",
"(Date(""2025-10-17""), 6)",
"(Date(""2025-10-17""), 80)",
"(Date(""2025-10-17""), 66)",
"(Date(""2025-10-17""), 103)",
"(Date(""2025-10-17""), 17)",
"(Date(""2025-10-18""), 3)",
"(Date(""2025-10-18""), 31)",
"(Date(""2025-10-18""), 6)",
"(Date(""2025-10-18""), 80)",
"(Date(""2025-10-18""), 66)",
"(Date(""2025-10-18""), 103)",
"(Date(""2025-10-18""), 17)",
"(Date(""2025-10-19""), 3)",
"(Date(""2025-10-19""), 31)",
"(Date(""2025-10-19""), 6)",
"(Date(""2025-10-19""), 80)",
"(Date(""2025-10-19""), 66)",
"(Date(""2025-10-19""), 17)",
"(Date(""2025-10-19""), 103)",
"(Date(""2025-10-20""), 3)",
"(Date(""2025-10-20""), 31)",
"(Date(""2025-10-20""), 6)",
"(Date(""2025-10-20""), 80)",
"(Date(""2025-10-20""), 66)",
"(Date(""2025-10-20""), 17)",
"(Date(""2025-10-20""), 103)",
"(Date(""2025-10-21""), 3)",
"(Date(""2025-10-21""), 31)",
"(Date(""2025-10-21""), 6)",
"(Date(""2025-10-21""), 80)",
"(Date(""2025-10-21""), 66)",
"(Date(""2025-10-21""), 17)",
"(Date(""2025-10-21""), 103)",
"(Date(""2025-10-22""), 3)",
"(Date(""2025-10-22""), 6)",
"(Date(""2025-10-22""), 31)",
"(Date(""2025-10-22""), 80)",
"(Date(""2025-10-22""), 66)",
"(Date(""2025-10-22""), 17)",
"(Date(""2025-10-22""), 103)",
"(Date(""2025-10-23""), 3)",
"(Date(""2025-10-23""), 6)",
"(Date(""2025-10-23""), 31)",
"(Date(""2025-10-23""), 80)",
"(Date(""2025-10-23""), 17)",
"(Date(""2025-10-23""), 103)",
"(Date(""2025-10-23""), 66)",
"(Date(""2025-10-24""), 3)",
"(Date(""2025-10-24""), 6)",
"(Date(""2025-10-24""), 31)",
"(Date(""2025-10-24""), 80)",
"(Date(""2025-10-24""), 103)",
"(Date(""2025-10-24""), 66)",
"(Date(""2025-10-24""), 17)",
"(Date(""2025-10-25""), 3)",
"(Date(""2025-10-25""), 6)",
"(Date(""2025-10-25""), 31)",
"(Date(""2025-10-25""), 80)",
"(Date(""2025-10-25""), 66)",
"(Date(""2025-10-25""), 103)",
"(Date(""2025-10-25""), 17)",
"(Date(""2025-10-26""), 3)",
"(Date(""2025-10-26""), 31)",
"(Date(""2025-10-26""), 6)",
"(Date(""2025-10-26""), 80)",
"(Date(""2025-10-26""), 103)",
"(Date(""2025-10-26""), 66)",
"(Date(""2025-10-26""), 17)",
"(Date(""2025-10-27""), 3)",
"(Date(""2025-10-27""), 31)",
"(Date(""2025-10-27""), 6)",
"(Date(""2025-10-27""), 80)",
"(Date(""2025-10-27""), 103)",
"(Date(""2025-10-27""), 66)",
"(Date(""2025-10-27""), 17)",
"(Date(""2025-10-28""), 3)",
"(Date(""2025-10-28""), 31)",
"(Date(""2025-10-28""), 6)",
"(Date(""2025-10-28""), 80)",
"(Date(""2025-10-28""), 66)",
"(Date(""2025-10-28""), 103)",
"(Date(""2025-10-28""), 17)",
"(Date(""2025-10-29""), 3)",
"(Date(""2025-10-29""), 31)",
"(Date(""2025-10-29""), 6)",
"(Date(""2025-10-29""), 80)",
"(Date(""2025-10-29""), 66)",
"(Date(""2025-10-29""), 103)",
"(Date(""2025-10-29""), 17)",
"(Date(""2025-10-30""), 3)",
"(Date(""2025-10-30""), 31)",
"(Date(""2025-10-30""), 6)",
"(Date(""2025-10-30""), 80)",
"(Date(""2025-10-30""), 66)",
"(Date(""2025-10-30""), 103)",
"(Date(""2025-10-30""), 17)",
"(Date(""2025-10-31""), 3)",
"(Date(""2025-10-31""), 31)",
"(Date(""2025-10-31""), 6)",
"(Date(""2025-10-31""), 80)",
"(Date(""2025-10-31""), 66)",
"(Date(""2025-10-31""), 103)",
"(Date(""2025-10-31""), 17)",
"(Date(""2025-11-01""), 3)",
"(Date(""2025-11-01""), 31)",
"(Date(""2025-11-01""), 6)",
"(Date(""2025-11-01""), 80)",
"(Date(""2025-11-01""), 66)",
"(Date(""2025-11-01""), 103)",
"(Date(""2025-11-01""), 17)",
"(Date(""2025-11-02""), 3)",
"(Date(""2025-11-02""), 31)",
"(Date(""2025-11-02""), 6)",
"(Date(""2025-11-02""), 80)",
"(Date(""2025-11-02""), 66)",
"(Date(""2025-11-02""), 103)",
"(Date(""2025-11-02""), 17)",
"(Date(""2025-11-03""), 3)",
"(Date(""2025-11-03""), 31)",
"(Date(""2025-11-03""), 6)",
"(Date(""2025-11-03""), 80)",
"(Date(""2025-11-03""), 17)",
"(Date(""2025-11-03""), 66)",
"(Date(""2025-11-03""), 103)",
"(Date(""2025-11-04""), 3)",
"(Date(""2025-11-04""), 31)",
"(Date(""2025-11-04""), 6)",
"(Date(""2025-11-04""), 80)",
"(Date(""2025-11-04""), 17)",
"(Date(""2025-11-04""), 66)",
"(Date(""2025-11-04""), 103)",
"(Date(""2025-11-05""), 3)",
"(Date(""2025-11-05""), 31)",
"(Date(""2025-11-05""), 6)",
"(Date(""2025-11-05""), 80)",
"(Date(""2025-11-05""), 17)",
"(Date(""2025-11-05""), 66)",
"(Date(""2025-11-05""), 103)",
"(Date(""2025-11-06""), 31)",
"(Date(""2025-11-06""), 3)",
"(Date(""2025-11-06""), 6)",
"(Date(""2025-11-06""), 80)",
"(Date(""2025-11-06""), 17)",
"(Date(""2025-11-06""), 66)",
"(Date(""2025-11-06""), 103)",
"(Date(""2025-11-07""), 31)",
"(Date(""2025-11-07""), 3)",
"(Date(""2025-11-07""), 6)",
"(Date(""2025-11-07""), 80)",
"(Date(""2025-11-07""), 17)",
"(Date(""2025-11-07""), 66)",
"(Date(""2025-11-07""), 103)",
"(Date(""2025-11-08""), 3)",
"(Date(""2025-11-08""), 6)",
"(Date(""2025-11-08""), 31)",
"(Date(""2025-11-08""), 80)",
"(Date(""2025-11-08""), 66)",
"(Date(""2025-11-08""), 103)",
"(Date(""2025-11-08""), 17)",
"(Date(""2025-11-09""), 3)",10.934452947484294
"(Date(""2025-11-09""), 6)",10.921350923748443
"(Date(""2025-11-09""), 31)",10.81277613527195
"(Date(""2025-11-09""), 80)",16.416384857526502
"(Date(""2025-11-09""), 17)",10.976578113838206
"(Date(""2025-11-09""), 66)",14.243180023148337
"(Date(""2025-11-09""), 103)",10.605723359610451
"(Date(""2025-11-10""), 3)",15.798593619313172
"(Date(""2025-11-10""), 6)",22.869161220881786
"(Date(""2025-11-10""), 31)",17.784203563905294
"(Date(""2025-11-10""), 80)",20.175717110871908
"(Date(""2025-11-10""), 17)",15.770222697702277
"(Date(""2025-11-10""), 66)",13.378724807654176
"(Date(""2025-11-10""), 103)",19.77752053338409
"(Date(""2025-11-11""), 31)",10.985142480225994
"(Date(""2025-11-11""), 3)",11.556308886405752
"(Date(""2025-11-11""), 6)",11.095448058206472
"(Date(""2025-11-11""), 80)",14.266801169224127
"(Date(""2025-11-11""), 17)",9.647551028379931
"(Date(""2025-11-11""), 66)",10.935300455229738
"(Date(""2025-11-11""), 103)",10.774789078554406
"(Date(""2025-11-12""), 3)",21.815105585308718
"(Date(""2025-11-12""), 31)",19.211228872770857
"(Date(""2025-11-12""), 6)",21.788966003150236
"(Date(""2025-11-12""), 80)",19.22274323802305
"(Date(""2025-11-12""), 17)",21.89914865140657
"(Date(""2025-11-12""), 103)",16.619727131365675
"(Date(""2025-11-12""), 66)",19.124063271468092
"(Date(""2025-11-13""), 3)",19.650141819706622
"(Date(""2025-11-13""), 31)",17.95554712386095
"(Date(""2025-11-13""), 6)",18.13584492218431
"(Date(""2025-11-13""), 80)",20.37010193007468
"(Date(""2025-11-13""), 17)",18.22755443339304
"(Date(""2025-11-13""), 66)",13.50762337361881
"(Date(""2025-11-13""), 103)",19.9680688907007
"(Date(""2025-11-14""), 3)",17.872606432530393
"(Date(""2025-11-14""), 31)",16.610105398858728
"(Date(""2025-11-14""), 6)",21.3593584271212
"(Date(""2025-11-14""), 80)",18.843733232411875
"(Date(""2025-11-14""), 17)",19.117737279785302
"(Date(""2025-11-14""), 66)",16.53474167098987
"(Date(""2025-11-14""), 103)",12.312060628324424
"(Date(""2025-11-15""), 3)",12.640536021410979
"(Date(""2025-11-15""), 6)",12.625389712420318
"(Date(""2025-11-15""), 31)",10.918910009715438
"(Date(""2025-11-15""), 80)",14.180782668378868
"(Date(""2025-11-15""), 17)",11.084319802816024
"(Date(""2025-11-15""), 103)",12.260515345774076
"(Date(""2025-11-15""), 66)",12.443159496165487
"(Date(""2025-11-16""), 3)",11.100515901171562
"(Date(""2025-11-16""), 6)",12.250017891268548
"(Date(""2025-11-16""), 31)",12.128234138446764
"(Date(""2025-11-16""), 80)",15.75137557828532
"(Date(""2025-11-16""), 17)",12.31196389697861
"(Date(""2025-11-16""), 103)",10.29158546809546
"(Date(""2025-11-16""), 66)",12.073205653365484
"(Date(""2025-11-17""), 3)",14.489747124060433
"(Date(""2025-11-17""), 6)",13.148656148944898
"(Date(""2025-11-17""), 31)",9.837788731818867
"(Date(""2025-11-17""), 80)",14.76851324803079
"(Date(""2025-11-17""), 17)",9.986820695380207
"(Date(""2025-11-17""), 66)",9.79315250495501
"(Date(""2025-11-17""), 103)",14.772180139625483
"(Date(""2025-11-18""), 3)",12.00406882735977
"(Date(""2025-11-18""), 6)",13.1198847875114
"(Date(""2025-11-18""), 31)",12.989453238741874
"(Date(""2025-11-18""), 80)",14.736197380334398
"(Date(""2025-11-18""), 17)",11.518456227756236
"(Date(""2025-11-18""), 103)",14.445357489499887
"(Date(""2025-11-18""), 66)",14.660549100240729
"(Date(""2025-11-19""), 3)",16.487971594721284
"(Date(""2025-11-19""), 6)",18.492211729544213
"(Date(""2025-11-19""), 31)",16.304496131144944
"(Date(""2025-11-19""), 80)",16.31426832869411
"(Date(""2025-11-19""), 17)",14.598317427327753
"(Date(""2025-11-19""), 103)",17.957785925953537
"(Date(""2025-11-19""), 66)",20.268660217004047
"(Date(""2025-11-20""), 3)",30.207165463385063
"(Date(""2025-11-20""), 31)",29.871025043996166
"(Date(""2025-11-20""), 6)",30.17097023708569
"(Date(""2025-11-20""), 80)",26.617546423528406
"(Date(""2025-11-20""), 17)",33.723310115434735
"(Date(""2025-11-20""), 103)",26.092211149013657
"(Date(""2025-11-20""), 66)",29.735493585975785
"(Date(""2025-11-21""), 3)",25.128015829873778
"(Date(""2025-11-21""), 31)",24.848395360693942
"(Date(""2025-11-21""), 6)",28.182519990399065
"(Date(""2025-11-21""), 80)",24.86328839549191
"(Date(""2025-11-21""), 17)",40.89023254332098
"(Date(""2025-11-21""), 66)",27.775743896398236
"(Date(""2025-11-21""), 103)",24.37257590731759
"(Date(""2025-11-22""), 3)",16.45678823783816
"(Date(""2025-11-22""), 6)",20.116269664368648
"(Date(""2025-11-22""), 31)",15.643417403996528
"(Date(""2025-11-22""), 80)",17.747050805856652
"(Date(""2025-11-22""), 17)",15.880398424435274
"(Date(""2025-11-22""), 103)",19.53490850877193
"(Date(""2025-11-22""), 66)",15.57243975371294
"(Date(""2025-11-23""), 3)",22.519787776748355
"(Date(""2025-11-23""), 6)",25.115128590294145
"(Date(""2025-11-23""), 31)",22.143890786164576
"(Date(""2025-11-23""), 80)",22.157162859924423
"(Date(""2025-11-23""), 17)",25.242131008810787
"(Date(""2025-11-23""), 103)",24.389300172609154
"(Date(""2025-11-23""), 66)",24.75262609187426
"(Date(""2025-11-24""), 3)",22.82984392345054
"(Date(""2025-11-24""), 6)",21.673428499249752
"(Date(""2025-11-24""), 31)",21.457961756051393
"(Date(""2025-11-24""), 80)",21.47082271413289
"(Date(""2025-11-24""), 17)",21.78302689636949
"(Date(""2025-11-24""), 103)",21.047065378835594
"(Date(""2025-11-24""), 66)",21.360602229933367
"(Date(""2025-11-25""), 3)",17.546301252094135
"(Date(""2025-11-25""), 6)",19.568462038766747
"(Date(""2025-11-25""), 31)",19.264911999731744
"(Date(""2025-11-25""), 80)",17.166625140676743
"(Date(""2025-11-25""), 17)",21.749390948473437
"(Date(""2025-11-25""), 103)",18.896010114358656
"(Date(""2025-11-25""), 66)",21.32761856301451
"(Date(""2025-11-26""), 6)",23.09821604615065
"(Date(""2025-11-26""), 3)",20.282163670293407
"(Date(""2025-11-26""), 31)",22.73991173135281
"(Date(""2025-11-26""), 80)",22.753541033841028
"(Date(""2025-11-26""), 17)",20.360301051535235
"(Date(""2025-11-26""), 103)",22.304467421457677
"(Date(""2025-11-26""), 66)",22.63673571420356
"(Date(""2025-11-27""), 6)",
"(Date(""2025-11-27""), 31)",
"(Date(""2025-11-27""), 3)",
"(Date(""2025-11-27""), 80)",
"(Date(""2025-11-27""), 17)",
"(Date(""2025-11-27""), 103)",
"(Date(""2025-11-27""), 66)",
"(Date(""2025-11-28""), 31)",10.868436383553137
"(Date(""2025-11-28""), 6)",12.567027733071553
"(Date(""2025-11-28""), 3)",9.508424130316806
"(Date(""2025-11-28""), 80)",14.115230747678385
"(Date(""2025-11-28""), 17)",9.545055496346444
"(Date(""2025-11-28""), 103)",9.222566176498653
"(Date(""2025-11-28""), 66)",10.81912387997165
"(Date(""2025-11-29""), 31)",11.591884562517405
"(Date(""2025-11-29""), 6)",13.274786289891162
"(Date(""2025-11-29""), 3)",11.081402719770368
"(Date(""2025-11-29""), 80)",13.150692010178332
"(Date(""2025-11-29""), 17)",11.767489199374548
"(Date(""2025-11-29""), 103)",17.731374372160147
"(Date(""2025-11-29""), 66)",16.3382692133341
"(Date(""2025-11-30""), 31)",17.517407225521715
"(Date(""2025-11-30""), 6)",19.867869620834927
"(Date(""2025-11-30""), 3)",13.647998910525459
"(Date(""2025-11-30""), 80)",17.52790638861023
"(Date(""2025-11-30""), 17)",22.20711907146011
"(Date(""2025-11-30""), 103)",15.154393821720877
"(Date(""2025-11-30""), 66)",26.164477083237806
"(Date(""2025-12-01""), 3)",10.72334375928594
"(Date(""2025-12-01""), 31)",12.05139186408036
"(Date(""2025-12-01""), 6)",13.9348633449422
"(Date(""2025-12-01""), 80)",15.651577742094315
"(Date(""2025-12-01""), 17)",14.005329292991954
"(Date(""2025-12-01""), 103)",13.532145127675149
"(Date(""2025-12-01""), 66)",17.4849846095902
"(Date(""2025-12-02""), 6)",21.809863922808272
"(Date(""2025-12-02""), 3)",14.98202901155776
"(Date(""2025-12-02""), 31)",19.33846482099321
"(Date(""2025-12-02""), 80)",19.459547081452776
"(Date(""2025-12-02""), 17)",19.520963141602813
"(Date(""2025-12-02""), 103)",18.861427727825593
"(Date(""2025-12-02""), 66)",23.905021621845318
"(Date(""2025-12-03""), 6)",21.126863237046884
"(Date(""2025-12-03""), 31)",23.299960937970923
"(Date(""2025-12-03""), 3)",19.019776509899078
"(Date(""2025-12-03""), 80)",16.759592515591216
"(Date(""2025-12-03""), 17)",21.2336977578071
"(Date(""2025-12-03""), 103)",22.597336245788284
"(Date(""2025-12-03""), 66)",20.82192588903885
"(Date(""2025-12-04""), 6)",13.591159673973479
"(Date(""2025-12-04""), 3)",13.231547052957469
"(Date(""2025-12-04""), 31)",11.754144053216796
"(Date(""2025-12-04""), 80)",15.265531277680097
"(Date(""2025-12-04""), 17)",11.932206747587125
"(Date(""2025-12-04""), 103)",14.964244226771273
"(Date(""2025-12-04""), 66)",11.700812897725223
"(Date(""2025-12-05""), 3)",12.781292734084545
"(Date(""2025-12-05""), 31)",21.501387234858825
"(Date(""2025-12-05""), 6)",19.908537261886988
"(Date(""2025-12-05""), 80)",14.338690556791056
"(Date(""2025-12-05""), 17)",20.009210940395068
"(Date(""2025-12-05""), 103)",14.055696030549695
"(Date(""2025-12-05""), 66)",14.265082878268501
"(Date(""2025-12-06""), 3)",20.892579203446388
"(Date(""2025-12-06""), 31)",18.50292540821172
"(Date(""2025-12-06""), 6)",18.58356514328721
"(Date(""2025-12-06""), 80)",18.409843767997813
"(Date(""2025-12-06""), 17)",20.973068220933992
"(Date(""2025-12-06""), 103)",12.028567260743282
"(Date(""2025-12-06""), 66)",25.19218508402309
"(Date(""2025-12-07""), 3)",16.412492471184567
"(Date(""2025-12-07""), 31)",18.401322272774582
"(Date(""2025-12-07""), 6)",25.709262853958567
"(Date(""2025-12-07""), 80)",18.412351215648318
"(Date(""2025-12-07""), 17)",23.327673412104843
"(Date(""2025-12-07""), 103)",20.2672320242847
"(Date(""2025-12-07""), 66)",22.875294378340644
"(Date(""2025-12-08""), 6)",17.69292479415542
"(Date(""2025-12-08""), 3)",14.50874178937236
"(Date(""2025-12-08""), 31)",14.027098501471073
"(Date(""2025-12-08""), 80)",14.035505727091259
"(Date(""2025-12-08""), 17)",14.239594021524393
"(Date(""2025-12-08""), 103)",17.181598421232742
"(Date(""2025-12-08""), 66)",15.679607875312367
"(Date(""2025-12-09""), 6)",26.53899446155256
"(Date(""2025-12-09""), 3)",22.545746484448067
"(Date(""2025-12-09""), 31)",20.241676350125942
"(Date(""2025-12-09""), 80)",16.21862607860562
"(Date(""2025-12-09""), 17)",22.63260435706335
"(Date(""2025-12-09""), 103)",21.867939008780443
"(Date(""2025-12-09""), 66)",22.193704364349003
"(Date(""2025-12-10""), 80)",21.81148519062232
"(Date(""2025-12-10""), 6)",28.30676883565936
"(Date(""2025-12-10""), 3)",22.36656585323195
"(Date(""2025-12-10""), 31)",24.736615756345806
"(Date(""2025-12-10""), 17)",22.452733429411428
"(Date(""2025-12-10""), 103)",21.694145201700618
"(Date(""2025-12-10""), 66)",26.969512054101163
"(Date(""2025-12-11""), 80)",12.546522869702077
"(Date(""2025-12-11""), 6)",12.923116753044326
"(Date(""2025-12-11""), 3)",15.942520646375606
"(Date(""2025-12-11""), 31)",14.730075978583988
"(Date(""2025-12-11""), 17)",12.988466491410541
"(Date(""2025-12-11""), 103)",14.366717630752065
"(Date(""2025-12-11""), 66)",12.736589254548413
"(Date(""2025-12-12""), 3)",10.323577975542886
"(Date(""2025-12-12""), 80)",11.331593487548721
"(Date(""2025-12-12""), 31)",11.555685699352543
"(Date(""2025-12-12""), 6)",13.233332100983485
"(Date(""2025-12-12""), 17)",10.247056397471049
"(Date(""2025-12-12""), 103)",14.430303626323049
"(Date(""2025-12-12""), 66)",11.503254993377384
"(Date(""2025-12-13""), 3)",24.474840185663123
"(Date(""2025-12-13""), 80)",27.97021623183593
"(Date(""2025-12-13""), 31)",26.401359759110882
"(Date(""2025-12-13""), 6)",26.666464854738127
"(Date(""2025-12-13""), 17)",30.982222455885136
"(Date(""2025-12-13""), 103)",23.73903710834847
"(Date(""2025-12-13""), 66)",28.393935053199044
"(Date(""2025-12-14""), 3)",16.054331642783758
"(Date(""2025-12-14""), 80)",19.268670094116313
"(Date(""2025-12-14""), 31)",17.499037071387104
"(Date(""2025-12-14""), 6)",17.674750895921992
"(Date(""2025-12-14""), 17)",15.667856018727884
"(Date(""2025-12-14""), 103)",19.273454334968637
"(Date(""2025-12-14""), 66)",17.41964006359295
"(Date(""2025-12-15""), 3)",14.9217349193329
"(Date(""2025-12-15""), 80)",18.421771964499545
"(Date(""2025-12-15""), 31)",20.892309288171273
"(Date(""2025-12-15""), 6)",21.102096121207527
"(Date(""2025-12-15""), 17)",14.979221157445107
"(Date(""2025-12-15""), 103)",16.409558456889886
"(Date(""2025-12-15""), 66)",22.90708179549226
"(Date(""2025-12-16""), 3)",18.24020397479062
"(Date(""2025-12-16""), 80)",17.687445194012273
"(Date(""2025-12-16""), 31)",18.037229954561646
"(Date(""2025-12-16""), 6)",22.751059532908958
"(Date(""2025-12-16""), 17)",20.560890854535824
"(Date(""2025-12-16""), 103)",15.604094981940277
"(Date(""2025-12-16""), 66)",17.955391046429433
"(Date(""2025-12-17""), 3)",21.344774754347945
"(Date(""2025-12-17""), 80)",18.506580008168285
"(Date(""2025-12-17""), 31)",18.872563878972663
"(Date(""2025-12-17""), 6)",16.975701487551245
"(Date(""2025-12-17""), 17)",17.0615443745261
"(Date(""2025-12-17""), 103)",12.70079677534268
"(Date(""2025-12-17""), 66)",16.730680476428656
"(Date(""2025-12-18""), 6)",24.464306823631688
"(Date(""2025-12-18""), 3)",22.453669919244096
"(Date(""2025-12-18""), 31)",20.387793186925716
"(Date(""2025-12-18""), 80)",22.144929035169127
"(Date(""2025-12-18""), 17)",26.564264073117812
"(Date(""2025-12-18""), 66)",20.067543688090943
"(Date(""2025-12-18""), 103)",19.772986709336198
"(Date(""2025-12-19""), 3)",10.584483391973254
"(Date(""2025-12-19""), 6)",11.813110156275195
"(Date(""2025-12-19""), 31)",11.695669928832446
"(Date(""2025-12-19""), 80)",14.88610451448129
"(Date(""2025-12-19""), 17)",11.872846802840895
"(Date(""2025-12-19""), 66)",15.111613055683952
"(Date(""2025-12-19""), 103)",9.924526959588217
"(Date(""2025-12-20""), 3)",12.608651019392706
"(Date(""2025-12-20""), 6)",9.938304915428805
"(Date(""2025-12-20""), 31)",11.264178449423653
"(Date(""2025-12-20""), 80)",9.648691742889834
"(Date(""2025-12-20""), 66)",12.71331735034938
"(Date(""2025-12-20""), 103)",8.34945020921411
"(Date(""2025-12-20""), 17)",13.229047531221507
"(Date(""2025-12-21""), 3)",11.907574285781108
"(Date(""2025-12-21""), 6)",11.368377557778695
"(Date(""2025-12-21""), 31)",9.831798806791687
"(Date(""2025-12-21""), 80)",12.51379232603429
"(Date(""2025-12-21""), 66)",12.703362878196655
"(Date(""2025-12-21""), 103)",8.342912626039888
"(Date(""2025-12-21""), 17)",13.218689244581789
"(Date(""2025-12-22""), 3)",15.372083145952375
"(Date(""2025-12-22""), 6)",19.21928156738038
"(Date(""2025-12-22""), 31)",21.161590614089416
"(Date(""2025-12-22""), 80)",18.659210493287297
"(Date(""2025-12-22""), 17)",19.316469811208567
"(Date(""2025-12-22""), 66)",23.202331558154828
"(Date(""2025-12-22""), 103)",20.756369418418263
"(Date(""2025-12-23""), 3)",19.09926554607904
"(Date(""2025-12-23""), 6)",21.455928173054645
"(Date(""2025-12-23""), 31)",21.004247542416156
"(Date(""2025-12-23""), 80)",22.68614414845273
"(Date(""2025-12-23""), 17)",23.485249750195084
"(Date(""2025-12-23""), 66)",23.02981493670053
"(Date(""2025-12-23""), 103)",20.602039293588014
"(Date(""2025-12-24""), 3)",12.692750793852387
"(Date(""2025-12-24""), 6)",16.77566640372343
"(Date(""2025-12-24""), 31)",16.6088908423434
"(Date(""2025-12-24""), 80)",16.3789633082961
"(Date(""2025-12-24""), 17)",16.860497751404633
"(Date(""2025-12-24""), 66)",18.745628104535875
"(Date(""2025-12-24""), 103)",18.470474569795652
"(Date(""2025-12-25""), 3)",13.465290014468717
"(Date(""2025-12-25""), 6)",13.373482061102445
"(Date(""2025-12-25""), 31)",13.240529370898072
"(Date(""2025-12-25""), 80)",12.98376403568787
"(Date(""2025-12-25""), 17)",13.441109210995094
"(Date(""2025-12-25""), 66)",15.088870466846355
"(Date(""2025-12-25""), 103)",12.986987789792995
"(Date(""2025-12-26""), 3)",14.362806442984697
"(Date(""2025-12-26""), 6)",20.311667763074826
"(Date(""2025-12-26""), 31)",14.202979471228664
"(Date(""2025-12-26""), 80)",12.234856589644465
"(Date(""2025-12-26""), 17)",18.356331200579362
"(Date(""2025-12-26""), 66)",20.018496645725453
"(Date(""2025-12-26""), 103)",12.169036315410928
"(Date(""2025-12-27""), 3)",22.13580709352812
"(Date(""2025-12-27""), 6)",22.109283236198937
"(Date(""2025-12-27""), 31)",24.052560675422907
"(Date(""2025-12-27""), 80)",23.45341400321076
"(Date(""2025-12-27""), 17)",22.221085667652616
"(Date(""2025-12-27""), 66)",23.54153637166017
"(Date(""2025-12-27""), 103)",19.68214002276559
"(Date(""2025-12-28""), 3)",20.430549077660793
"(Date(""2025-12-28""), 6)",20.871871724109443
"(Date(""2025-12-28""), 31)",22.038725163625788
"(Date(""2025-12-28""), 80)",21.611341900031995
"(Date(""2025-12-28""), 17)",20.509258116213665
"(Date(""2025-12-28""), 66)",23.702041738033877
"(Date(""2025-12-28""), 103)",23.354136587648316
"(Date(""2025-12-29""), 3)",14.277154909640199
"(Date(""2025-12-29""), 6)",14.340737547394555
"(Date(""2025-12-29""), 31)",14.118281054202685
"(Date(""2025-12-29""), 80)",13.844494027572017
"(Date(""2025-12-29""), 66)",15.781532494416718
"(Date(""2025-12-29""), 103)",10.66901218003063
"(Date(""2025-12-29""), 17)",19.713444409740088
"(Date(""2025-12-30""), 3)",8.271256755687723
"(Date(""2025-12-30""), 6)",6.75503016220298
"(Date(""2025-12-30""), 31)",6.6878749195838
"(Date(""2025-12-30""), 80)",6.5581811288396645
"(Date(""2025-12-30""), 66)",6.657530549493587
"(Date(""2025-12-30""), 103)",6.5598094673767955
"(Date(""2025-12-30""), 17)",6.789189062272645
"(Date(""2025-12-31""), 3)",9.567320939392156
"(Date(""2025-12-31""), 6)",12.165957909672874
"(Date(""2025-12-31""), 31)",12.045009840530225
"(Date(""2025-12-31""), 80)",14.468084213765255
"(Date(""2025-12-31""), 66)",17.309372789740067
"(Date(""2025-12-31""), 103)",15.786473504270877
"(Date(""2025-12-31""), 17)",17.651680836499064
